{
    "metadata":{
        "morphTargets":0,
        "faces":98,
        "vertices":72,
        "version":3,
        "generator":"io_three",
        "uvs":1,
        "normals":72,
        "materials":1,
        "type":"Geometry"
    },
    "morphTargets":[],
    "vertices":[0,0,0,0,0.1,1.19209e-08,0,0.1,-0.3,0,3.57628e-08,-0.3,0.35,0.1,-0.3,0.35,3.57628e-08,-0.3,0.35,0.1,1.19209e-08,0.35,0,0,0.086144,0.086598,-0.020847,0.086144,0.086598,0.019153,0.093947,0.085829,0.019153,0.093947,0.085829,-0.020847,0.101451,0.083553,0.019153,0.101451,0.083553,-0.020847,0.108366,0.079856,0.019153,0.108366,0.079856,-0.020847,0.114428,0.074882,0.019153,0.114428,0.074882,-0.020847,0.119402,0.06882,0.019153,0.119402,0.06882,-0.020847,0.123099,0.061905,0.019153,0.123099,0.061905,-0.020847,0.125375,0.054401,0.019153,0.125375,0.054401,-0.020847,0.126144,0.046598,0.019153,0.126144,0.046598,-0.020847,0.125375,0.038794,0.019153,0.125375,0.038794,-0.020847,0.123099,0.03129,0.019153,0.123099,0.03129,-0.020847,0.119402,0.024375,0.019153,0.119402,0.024375,-0.020847,0.114428,0.018313,0.019153,0.114428,0.018313,-0.020847,0.108366,0.013339,0.019153,0.108366,0.013339,-0.020847,0.101451,0.009642,0.019153,0.101451,0.009642,-0.020847,0.093947,0.007366,0.019153,0.093947,0.007366,-0.020847,0.086144,0.006598,0.019153,0.086144,0.006598,-0.020847,0.07834,0.007366,0.019153,0.07834,0.007366,-0.020847,0.070836,0.009642,0.019153,0.070836,0.009642,-0.020847,0.063921,0.013339,0.019153,0.063921,0.013339,-0.020847,0.057859,0.018313,0.019153,0.057859,0.018313,-0.020847,0.052885,0.024375,0.019153,0.052885,0.024375,-0.020847,0.049188,0.03129,0.019153,0.049188,0.03129,-0.020847,0.046912,0.038794,0.019153,0.046912,0.038794,-0.020847,0.046144,0.046598,0.019153,0.046144,0.046598,-0.020847,0.046912,0.054401,0.019153,0.046912,0.054401,-0.020847,0.049188,0.061905,0.019153,0.049188,0.061905,-0.020847,0.052885,0.06882,0.019153,0.052885,0.06882,-0.020847,0.057859,0.074882,0.019153,0.057859,0.074882,-0.020847,0.063921,0.079856,0.019153,0.063921,0.079856,-0.020847,0.070836,0.083553,0.019153,0.070836,0.083553,-0.020847,0.07834,0.085829,0.019153,0.07834,0.085829,-0.020847],
    "uvs":[[0.375,0,0.625,0,0.625,0.25,0.375,0.25,0.625,0.5,0.375,0.5,0.625,0.75,0.375,0.75,0.625,1,0.375,1,0.125,0.75,0.125,0.5,0.875,0.5,0.875,0.75,1,0.5,1,1,0.96875,1,0.96875,0.5,0.9375,1,0.9375,0.5,0.90625,1,0.90625,0.5,0.875,1,0.84375,1,0.84375,0.5,0.8125,1,0.8125,0.5,0.78125,1,0.78125,0.5,0.75,1,0.75,0.5,0.71875,1,0.71875,0.5,0.6875,1,0.6875,0.5,0.65625,1,0.65625,0.5,0.59375,1,0.59375,0.5,0.5625,1,0.5625,0.5,0.53125,1,0.53125,0.5,0.5,1,0.5,0.5,0.46875,1,0.46875,0.5,0.4375,1,0.4375,0.5,0.40625,1,0.40625,0.5,0.34375,1,0.34375,0.5,0.3125,1,0.3125,0.5,0.28125,1,0.28125,0.5,0.25,1,0.25,0.5,0.21875,1,0.21875,0.5,0.1875,1,0.1875,0.5,0.15625,1,0.15625,0.5,0.125,1,0.09375,1,0.09375,0.5,0.0625,1,0.0625,0.5,0.03125,1,0.03125,0.5,0,1,0,0.5,0.919706,0.419706,0.949553,0.383337,0.971731,0.341844,0.985388,0.296822,0.99,0.25,0.985388,0.203178,0.971731,0.158156,0.949553,0.116663,0.919706,0.080294,0.883337,0.050447,0.841844,0.028269,0.796822,0.014612,0.75,0.01,0.703178,0.014612,0.658156,0.028269,0.616663,0.050447,0.580294,0.080294,0.550447,0.116663,0.528269,0.158156,0.514611,0.203179,0.51,0.25,0.514612,0.296822,0.528269,0.341844,0.550447,0.383337,0.580295,0.419706,0.616663,0.449553,0.658156,0.471731,0.703179,0.485389,0.75,0.49,0.796822,0.485388,0.841844,0.471731,0.883337,0.449553,0.028269,0.341844,0.014612,0.296822,0.01,0.25,0.014611,0.203179,0.028269,0.158156,0.050447,0.116663,0.080294,0.080294,0.116663,0.050447,0.158156,0.028269,0.203178,0.014612,0.25,0.01,0.296822,0.014612,0.341844,0.028269,0.383337,0.050447,0.419706,0.080294,0.449553,0.116663,0.471731,0.158156,0.485388,0.203178,0.49,0.25,0.485388,0.296822,0.471731,0.341844,0.449553,0.383337,0.419706,0.419706,0.383337,0.449553,0.341844,0.471731,0.296822,0.485388,0.25,0.49,0.203179,0.485389,0.158156,0.471731,0.116663,0.449553,0.080295,0.419706,0.050447,0.383337]],
    "normals":[-0.577349,-0.577349,0.577349,-0.577349,0.577349,0.577349,-0.577349,0.577349,-0.577349,-0.577349,-0.577349,-0.577349,0.577349,0.577349,-0.577349,0.577349,-0.577349,-0.577349,0.577349,0.577349,0.577349,0.577349,-0.577349,0.577349,0,0.727897,-0.685659,0,0.727897,0.685659,0.142003,0.713889,0.68569,0.142003,0.713889,-0.68569,0.278573,0.672475,0.685659,0.278573,0.672475,-0.685659,0.40437,0.605182,0.68569,0.40437,0.605182,-0.68569,0.514695,0.514695,0.685659,0.514695,0.514695,-0.685659,0.605182,0.40437,0.68569,0.605182,0.40437,-0.68569,0.672475,0.278573,0.685659,0.672475,0.278573,-0.685659,0.713889,0.142003,0.68569,0.713889,0.142003,-0.68569,0.727897,0,0.685659,0.727897,0,-0.685659,0.713889,-0.142003,0.68569,0.713889,-0.142003,-0.68569,0.672475,-0.278573,0.685659,0.672475,-0.278573,-0.685659,0.605182,-0.40437,0.68569,0.605182,-0.40437,-0.68569,0.514695,-0.514695,0.685659,0.514695,-0.514695,-0.685659,0.40437,-0.605182,0.68569,0.40437,-0.605182,-0.68569,0.278573,-0.672475,0.685659,0.278573,-0.672475,-0.685659,0.141942,-0.713889,0.68569,0.141942,-0.713889,-0.68569,0,-0.727866,0.68569,0,-0.727866,-0.68569,-0.141942,-0.713889,0.68569,-0.141942,-0.713889,-0.68569,-0.278573,-0.672475,0.685659,-0.278573,-0.672475,-0.685659,-0.40437,-0.605182,0.68569,-0.40437,-0.605182,-0.68569,-0.514695,-0.514695,0.685659,-0.514695,-0.514695,-0.685659,-0.605182,-0.40437,0.68569,-0.605182,-0.40437,-0.68569,-0.672475,-0.278573,0.685659,-0.672475,-0.278573,-0.685659,-0.713889,-0.141942,0.68569,-0.713889,-0.141942,-0.68569,-0.727866,0,0.68569,-0.727866,0,-0.68569,-0.713889,0.141942,0.68569,-0.713889,0.141942,-0.68569,-0.672475,0.278573,0.685659,-0.672475,0.278573,-0.685659,-0.605182,0.40437,0.68569,-0.605182,0.40437,-0.68569,-0.514695,0.514695,0.685659,-0.514695,0.514695,-0.685659,-0.40437,0.605182,0.68569,-0.40437,0.605182,-0.68569,-0.278573,0.672475,0.685659,-0.278573,0.672475,-0.685659,-0.142003,0.713889,0.68569,-0.142003,0.713889,-0.68569],