{
    "metadata":{
        "morphTargets":0,
        "faces":202,
        "vertices":226,
        "version":3,
        "generator":"io_three",
        "uvs":1,
        "normals":42,
        "materials":1,
        "type":"Geometry"
    },
    "morphTargets":[],
    "vertices":[0,0.29412,-0.099142,0,0.329475,-0.063787,-0.32,0.329475,-0.063787,-0.32,0.29412,-0.099142,0,0.339208,-0.057284,-0.32,0.339208,-0.057284,0,0.350689,-0.055,-0.32,0.350689,-0.055,0,0,0,0,0.05,5.96046e-09,-0.32,0.05,5.96046e-09,-0.32,0,0,0,0.279978,-0.105,0,0.287632,-0.103478,-0.32,0.287632,-0.103478,-0.32,0.279978,-0.105,0,0.29412,-0.099142,-0.32,0.29412,-0.099142,0,0.751,-0.289,0,0.751,-0.3475,0,0.751,-0.406,0,0.751,-0.4645,0,0.751,-0.523,0,0.751,-0.5815,0,0.751,-0.64,-0.32,0.751,-0.64,-0.32,0.751,-0.5815,-0.32,0.751,-0.523,-0.32,0.751,-0.4645,-0.32,0.751,-0.406,-0.32,0.751,-0.3475,-0.32,0.751,-0.289,-0.32,0.751,-0.2305,-0.32,0.751,-0.172,-0.32,0.751,-0.1135,-0.32,0.751,-0.0549999,0,0.751,-0.0549999,0,0.751,-0.1135,0,0.751,-0.172,0,0.751,-0.2305,0,0.636625,-0.0549999,0,0.579438,-0.0549999,0,0.522251,-0.0549999,0,0.465063,-0.0549999,0,0.407876,-0.055,0,0.350689,-0.055,0,0.339208,-0.057284,0,0.329475,-0.063787,0,0.29412,-0.099142,0,0.287632,-0.103478,0,0.279978,-0.105,0,0.201265,-0.105,0,0.136697,-0.105,0,0.086276,-0.105,0,0.05,-0.105,0,0.05,-0.0525,0,0.05,5.96046e-09,0,0,0,0,6.93584e-09,-0.058182,0,1.38717e-08,-0.116364,0,2.08075e-08,-0.174546,0,2.77433e-08,-0.232728,0,3.46791e-08,-0.290909,0,4.16149e-08,-0.349091,0,4.85507e-08,-0.407273,0,5.54866e-08,-0.465455,0,6.24223e-08,-0.523636,0,6.93581e-08,-0.581818,0,7.62939e-08,-0.64,0,0.0577691,-0.64,0,0.115539,-0.64,0,0.173308,-0.64,0,0.231077,-0.64,0,0.288846,-0.64,0,0.346615,-0.64,0,0.404385,-0.64,0,0.462154,-0.64,0,0.519923,-0.64,0,0.577692,-0.64,0,0.635462,-0.64,0,0.693231,-0.64,0,0.751,-0.64,0,0.751,-0.5815,0,0.751,-0.523,0,0.751,-0.4645,0,0.751,-0.406,0,0.751,-0.3475,0,0.751,-0.289,0,0.751,-0.2305,0,0.751,-0.172,0,0.751,-0.1135,0,0.751,-0.0549999,0,0.693813,-0.0549999,-0.32,6.93584e-09,-0.058182,-0.32,1.38717e-08,-0.116364,-0.32,2.08075e-08,-0.174546,-0.32,2.77433e-08,-0.232728,-0.32,3.46791e-08,-0.290909,-0.32,4.16149e-08,-0.349091,-0.32,4.85507e-08,-0.407273,-0.32,5.54866e-08,-0.465455,-0.32,6.24223e-08,-0.523636,-0.32,6.93581e-08,-0.581818,-0.32,7.62939e-08,-0.64,0,7.62939e-08,-0.64,0,6.93581e-08,-0.581818,0,6.24223e-08,-0.523636,0,5.54866e-08,-0.465455,0,4.85507e-08,-0.407273,0,4.16149e-08,-0.349091,0,3.46791e-08,-0.290909,0,2.77433e-08,-0.232728,0,2.08075e-08,-0.174546,0,1.38717e-08,-0.116364,0,6.93584e-09,-0.058182,0,0,0,-0.32,0,0,-0.32,0.577692,-0.64,-0.32,0.635462,-0.64,-0.32,0.693231,-0.64,-0.32,0.751,-0.64,0,0.751,-0.64,0,0.693231,-0.64,0,0.635462,-0.64,0,0.577692,-0.64,0,0.519923,-0.64,0,0.462154,-0.64,0,0.404385,-0.64,0,0.346615,-0.64,0,0.288846,-0.64,0,0.231077,-0.64,0,0.173308,-0.64,0,0.115539,-0.64,0,0.0577691,-0.64,0,7.62939e-08,-0.64,-0.32,7.62939e-08,-0.64,-0.32,0.0577691,-0.64,-0.32,0.115539,-0.64,-0.32,0.173308,-0.64,-0.32,0.231077,-0.64,-0.32,0.288846,-0.64,-0.32,0.346615,-0.64,-0.32,0.404385,-0.64,-0.32,0.462154,-0.64,-0.32,0.519923,-0.64,0,0.05,-0.0525,0,0.05,-0.105,-0.32,0.05,-0.105,-0.32,0.05,-0.0525,-0.32,0.05,5.96046e-09,0,0.05,5.96046e-09,-0.32,0.751,-0.289,-0.32,0.751,-0.3475,-0.32,0.751,-0.406,-0.32,0.751,-0.4645,-0.32,0.751,-0.523,-0.32,0.751,-0.5815,-0.32,0.751,-0.64,-0.32,0.693231,-0.64,-0.32,0.635462,-0.64,-0.32,0.577692,-0.64,-0.32,0.519923,-0.64,-0.32,0.462154,-0.64,-0.32,0.404385,-0.64,-0.32,0.346615,-0.64,-0.32,0.288846,-0.64,-0.32,0.231077,-0.64,-0.32,0.173308,-0.64,-0.32,0.115539,-0.64,-0.32,0.0577691,-0.64,-0.32,7.62939e-08,-0.64,-0.32,6.93581e-08,-0.581818,-0.32,6.24223e-08,-0.523636,-0.32,5.54866e-08,-0.465455,-0.32,4.85507e-08,-0.407273,-0.32,4.16149e-08,-0.349091,-0.32,3.46791e-08,-0.290909,-0.32,2.77433e-08,-0.232728,-0.32,2.08075e-08,-0.174546,-0.32,1.38717e-08,-0.116364,-0.32,6.93584e-09,-0.058182,-0.32,0,0,-0.32,0.05,5.96046e-09,-0.32,0.05,-0.0525,-0.32,0.05,-0.105,-0.32,0.086276,-0.105,-0.32,0.136697,-0.105,-0.32,0.201265,-0.105,-0.32,0.279978,-0.105,-0.32,0.287632,-0.103478,-0.32,0.29412,-0.099142,-0.32,0.329475,-0.063787,-0.32,0.339208,-0.057284,-0.32,0.350689,-0.055,-0.32,0.407876,-0.055,-0.32,0.465063,-0.0549999,-0.32,0.522251,-0.0549999,-0.32,0.579438,-0.0549999,-0.32,0.636625,-0.0549999,-0.32,0.693813,-0.0549999,-0.32,0.751,-0.0549999,-0.32,0.751,-0.1135,-0.32,0.751,-0.172,-0.32,0.751,-0.2305,-0.32,0.465063,-0.0549999,-0.32,0.407876,-0.055,0,0.407876,-0.055,0,0.465063,-0.0549999,0,0.522251,-0.0549999,0,0.579438,-0.0549999,0,0.636625,-0.0549999,0,0.693813,-0.0549999,0,0.751,-0.0549999,-0.32,0.751,-0.0549999,-0.32,0.693813,-0.0549999,-0.32,0.636625,-0.0549999,-0.32,0.579438,-0.0549999,-0.32,0.522251,-0.0549999,0,0.136697,-0.105,0,0.201265,-0.105,-0.32,0.201265,-0.105,-0.32,0.136697,-0.105,-0.32,0.086276,-0.105,-0.32,0.05,-0.105,0,0.05,-0.105,0,0.086276,-0.105],
    "uvs":[[0,0,0.008062,0,0.008062,0.6,0,0.6,0.009645,0,0.009645,0.6,0.011228,0,0.011228,0.6,0.656165,0,0.817399,0,0.817399,0.6,0.656165,0.6,0.997467,0,0.998734,0,0.998734,0.6,0.997467,0.6,1,0,1,0.6,0.98805,0,0.992759,0,0.992759,0.6,0.98805,0.6,0.983342,0.6,0.978633,0.6,0.978633,0,0.983342,0,0.482528,0,0.49493,0,0.49493,0.6,0.482528,0.6,0.470125,0.6,0.457723,0.6,0.44532,0.6,0.432917,0.6,0.420515,0.6,0.408112,0.6,0.395709,0.6,0.383307,0.6,0.370904,0.6,0.358501,0.6,0.346099,0.6,0.333696,0.6,0.333696,0,0.346099,0,0.358501,0,0.370904,0,0.383307,0,0.395709,0,0.408112,0,0.420515,0,0.432917,0,0.44532,0,0.457723,0,0.470125,0,0.509588,0.6,0.509588,0,0.524246,0,0.538903,0,0.553561,0,0.568219,0,0.582876,0,0.597534,0,0.612192,0,0.626849,0,0.641507,0,0.641507,0.6,0.626849,0.6,0.612192,0.6,0.597534,0.6,0.582876,0.6,0.568219,0.6,0.553561,0.6,0.538903,0.6,0.524246,0.6,0,0.636364,0.020268,0.6,0.040535,0.6,0.060803,0.6,0.081071,0.6,0.101339,0.6,0.121606,0.6,0.141874,0.6,0.162142,0.6,0.182409,0.6,0.202677,0.6,0.222945,0.6,0.243213,0.6,0.26348,0.6,0.26348,0.636563,0.26348,0.673125,0.26348,0.709688,0.26348,0.74625,0.26348,0.782813,0.26348,0.819375,0.26348,0.855938,0.26348,0.8925,0.26348,0.929063,0.26348,0.965625,0.243417,0.965625,0.223353,0.965625,0.20329,0.965625,0.183226,0.965625,0.163163,0.965625,0.143099,0.965625,0.123035,0.965625,0.119008,0.964198,0.115593,0.960133,0.103189,0.938036,0.100913,0.935327,0.098227,0.934375,0.070612,0.934375,0.047959,0.934375,0.030269,0.934375,0.017542,0.934375,0.017542,0.967188,0.017542,1,0,1,0,0.963636,0,0.927273,0,0.890909,0,0.854546,0,0.818182,0,0.781818,0,0.745455,0,0.709091,0,0.672727,0.080328,0.6,0.057294,0.6,0.034261,0.6,0.034261,0,0.057294,0,0.080328,0,0.103361,0,0.126395,0,0.149428,0,0.172462,0,0.172462,0.6,0.149428,0.6,0.126395,0.6,0.103361,0.6,0.204709,0,0.220832,0,0.236956,0,0.253079,0,0.269202,0,0.285326,0,0.301449,0,0.317573,0,0.317573,0.6,0.301449,0.6,0.285326,0.6,0.269202,0.6,0.253079,0.6,0.236956,0.6,0.220832,0.6,0.204709,0.6,0.188585,0.6,0.188585,0,0.017542,0.632813,0.017542,0.665625,0.030269,0.665625,0.047959,0.665625,0.070612,0.665625,0.098227,0.665625,0.100913,0.664674,0.103189,0.661964,0.115593,0.639867,0.119008,0.635802,0.123035,0.634375,0.143099,0.634375,0.163163,0.634375,0.183226,0.634375,0.20329,0.634375,0.223353,0.634375,0.243417,0.634375,0.26348,0.634375,0.26348,0.670938,0.26348,0.7075,0.26348,0.744063,0.26348,0.780625,0.26348,0.817188,0.26348,0.85375,0.26348,0.890313,0.26348,0.926875,0.26348,0.963437,0.26348,1,0.243213,1,0.222945,1,0.202677,1,0.182409,1,0.162142,1,0.141874,1,0.121606,1,0.101339,1,0.081071,1,0.060803,1,0.040535,1,0.020268,1,0.017542,0.6,0.898016,0,0.898016,0.6]],