{
    "metadata":{
        "morphTargets":0,
        "faces":131,
        "vertices":84,
        "version":3,
        "generator":"io_three",
        "uvs":1,
        "normals":107,
        "materials":2,
        "type":"Geometry"
    },
    "morphTargets":[],
    "vertices":[0,0.01,0.015,0,0.01,0.01,0.000166946,0.00818037,0.01,0.000749767,0.00620089,0.015,0.000702117,0.00631905,0.01,0.00300296,0.00285567,0.015,0.00163004,0.0045279,0.01,0.00292893,0.00292893,0.01,0.00636551,0.000683859,0.015,0.0045279,0.00163004,0.01,0.00631905,0.000702116,0.01,0.00818037,0.000166945,0.01,0.01,-1.78814e-09,0.015,0.01,-1.19209e-09,0.01,0.200568,-1.78814e-09,0.015,0.200568,-1.19209e-09,0.01,0.202387,0.000166945,0.01,0.204367,0.000749765,0.015,0.204249,0.000702116,0.01,0.207712,0.00300296,0.015,0.20604,0.00163004,0.01,0.207639,0.00292893,0.01,0.209884,0.0063655,0.015,0.208938,0.0045279,0.01,0.209866,0.00631905,0.01,0.210401,0.00818037,0.01,0.210568,0.01,0.015,0.210568,0.01,0.01,0.210568,0.124763,0.015,0.210568,0.124763,0.01,0.210401,0.126583,0.01,0.209818,0.128563,0.015,0.209866,0.128444,0.01,0.207565,0.131908,0.015,0.208938,0.130236,0.01,0.207639,0.131834,0.01,0.204202,0.13408,0.015,0.20604,0.133133,0.01,0.204249,0.134061,0.01,0.202387,0.134596,0.01,0.200568,0.134763,0.015,0.200568,0.134763,0.01,0.01,0.134763,0.015,0.01,0.134763,0.01,0.00818037,0.134596,0.01,0.0062009,0.134014,0.015,0.00631905,0.134061,0.01,0.00285567,0.13176,0.015,0.0045279,0.133133,0.01,0.00292893,0.131834,0.01,0.000683861,0.128398,0.015,0.00163004,0.130236,0.01,0.000702117,0.128444,0.01,0.000166946,0.126583,0.01,0,0.124763,0.015,0,0.124763,0.01,0.205568,0.124763,0.015,0.205568,0.01,0.015,0.005,0.124763,0.015,0.005,0.01,0.015,0,0.124763,1.4873e-08,0.000749767,0.128563,1.53258e-08,0.00300296,0.131908,1.57246e-08,0.00636551,0.13408,1.59835e-08,0.01,0.134763,1.60651e-08,0.200568,0.134763,1.60651e-08,0.204367,0.134014,1.59757e-08,0.207712,0.13176,1.57071e-08,0.209884,0.128398,1.53062e-08,0.210568,0.124763,1.4873e-08,0.210568,0.01,1.19209e-09,0.209818,0.0062009,7.39204e-10,0.207565,0.00285567,3.40422e-10,0.204202,0.000683861,8.15226e-11,0.200568,0,0,0.01,0,0,0.0062009,0.000749767,8.93792e-11,0.00285567,0.00300296,3.57981e-10,0.000683861,0.00636551,7.58827e-10,0,0.01,1.19209e-09,0.205568,0.01,0.011,0.205568,0.124763,0.011,0.005,0.124763,0.011,0.005,0.01,0.011],
    "uvs":[[0.365525,0.377548,0.379533,0.377548,0.379533,0.383049,0.365525,0.388903,0.379533,0.38855,0.365525,0.399829,0.379533,0.394051,0.379533,0.399552,0.365525,0.410693,0.379533,0.405053,0.379533,0.410554,0.379533,0.416055,0.365525,0.421556,0.379533,0.421556,0.321517,0.377548,0.335525,0.377548,0.335525,0.383049,0.321517,0.388903,0.335525,0.38855,0.321517,0.399829,0.335525,0.394051,0.335525,0.399552,0.321517,0.410693,0.335525,0.405053,0.335525,0.410554,0.335525,0.416055,0.321517,0.421556,0.335525,0.421556,0.387529,0.377548,0.401537,0.377548,0.401537,0.383049,0.387529,0.388903,0.401537,0.38855,0.387529,0.399829,0.401537,0.394051,0.401537,0.399552,0.387529,0.410693,0.401537,0.405053,0.401537,0.410554,0.401537,0.416055,0.387529,0.421556,0.401537,0.421556,0.343521,0.377548,0.357529,0.377548,0.357529,0.383049,0.343521,0.388903,0.357529,0.38855,0.343521,0.399829,0.357529,0.394051,0.357529,0.399552,0.343521,0.410693,0.357529,0.405053,0.357529,0.410554,0.357529,0.416055,0.343521,0.421556,0.357529,0.421556,0.98123,0.00210052,0.970628,0.0140078,0.970628,0,0.990566,0.008413,0.998535,0.0280156,0.996627,0.0178334,0.650359,0.0140078,0.650359,0,0.630832,0.00800033,0.640216,0.00191588,0.622452,0.0280156,0.624544,0.0173722,0.622452,0.561904,0.998535,0.561904,0.970628,0.575911,0.990155,0.581919,0.996443,0.572547,0.980771,0.588003,0.970628,0.589919,0.650359,0.589919,0.650359,0.575911,0.630421,0.581506,0.62436,0.572086,0.639757,0.587819,0.321517,0.652749,0.321517,0.624734,0.326835,0.624734,0.332494,0.652749,0.332153,0.624734,0.343056,0.652749,0.337471,0.624734,0.342789,0.624734,0.353558,0.652749,0.348106,0.624734,0.353424,0.624734,0.358742,0.624734,0.36406,0.652749,0.36406,0.624734,0.365525,0.652749,0.365525,0.624734,0.370843,0.624734,0.376501,0.652749,0.376161,0.624734,0.387064,0.652749,0.381479,0.624734,0.386796,0.624734,0.397566,0.652749,0.392114,0.624734,0.397432,0.624734,0.40275,0.624734,0.408068,0.652749,0.408068,0.624734,0.365525,0.810108,0.365525,0.782093,0.370843,0.782093,0.376501,0.810108,0.376161,0.782093,0.387064,0.810108,0.381479,0.782093,0.386796,0.782093,0.397566,0.810108,0.392114,0.782093,0.397432,0.782093,0.40275,0.782093,0.408068,0.810108,0.408068,0.782093,0.321517,0.810108,0.321517,0.782093,0.326835,0.782093,0.332494,0.810108,0.332153,0.782093,0.343056,0.810108,0.337471,0.782093,0.342789,0.782093,0.353558,0.810108,0.348106,0.782093,0.353424,0.782093,0.358742,0.782093,0.36406,0.810108,0.36406,0.782093,0.0280156,0,0,0.0279069,0.00210052,0.0173048,0.008413,0.00796929,0.0178334,0.00190845,0,0.348177,0.589919,0.0279069,0.589919,0.348177,0.0280156,0.376083,0.00191588,0.358319,0.0173722,0.373991,0.00800033,0.367703,0.561904,0.376083,0.581919,0.00838035,0.561904,0,0.572547,0.00209237,0.588003,0.0177642,0.581506,0.368114,0.572086,0.374175,0.587819,0.358779,0,0.377548,0.320052,0.377548,0.320052,0.937987,0,0.937987,0.515992,0.377548,0.525734,0.377548,0.525734,0.699065,0.515992,0.699065,0.451556,0.377548,0.461298,0.377548,0.461298,0.937987,0.451556,0.937987,0.527199,0.377548,0.53694,0.377548,0.53694,0.699065,0.527199,0.699065,0.462763,0.377548,0.472504,0.377548,0.472504,0.937987,0.462763,0.937987,0.423052,0.377548,0.450091,0.377548,0.450091,0.911436,0.423052,0.911436,0.409533,0.377548,0.409533,0.911436,0.551924,0.377548,0.578963,0.377548,0.578963,0.699065,0.551924,0.699065,0.538405,0.377548,0.538405,0.699065,0.593948,0.377548,0.620987,0.377548,0.620987,0.911436,0.593948,0.911436,0.580428,0.377548,0.580428,0.911436,0.487488,0.377548,0.514527,0.377548,0.514527,0.699065,0.487488,0.699065,0.473969,0.699065,0.473969,0.377548]],