{
    "metadata":{
        "morphTargets":0,
        "faces":38,
        "vertices":96,
        "version":3,
        "generator":"io_three",
        "uvs":1,
        "normals":30,
        "materials":2,
        "type":"Geometry"
    },
    "morphTargets":[],
    "vertices":[0.005,0.05,0.0483,0.005,0.05,0.0498,0.005,0.7628,0.0498001,0.005,0.7628,0.0483011,0.005,0.7628,0.0483011,0.005,0.7628,0.0498001,1.225,0.7628,0.0498001,1.225,0.7628,0.0483011,1.225,0.7628,0.0483011,1.225,0.7628,0.0498001,1.225,0.05,0.0498,1.225,0.05,0.0483,1.225,0.05,0.0483,1.225,0.05,0.0498,0.005,0.05,0.0498,0.005,0.05,0.0483,0.005,0.05,0.0498,1.225,0.05,0.0498,1.225,0.7628,0.0498001,0.005,0.7628,0.0498001,0.005,0.05,0.0483,0.005,0.7628,0.0483011,1.225,0.7628,0.0483011,1.225,0.05,0.0483,1.25,0.7928,0.0483011,1.25,0.02,0.0483,1.25,0.02,2.38419e-09,1.25,0.7928,9.45091e-08,1.25,0.02,0.0483,1.24414,0.00585799,0.0483,1.24414,0.005858,6.98328e-10,1.25,0.02,2.38419e-09,1.24414,0.00585799,0.0483,1.23,-5.75781e-09,0.0483,1.23,0,0,1.24414,0.005858,6.98328e-10,1.23,-5.75781e-09,0.0483,0,-5.75781e-09,0.0483,0,0,0,1.23,0,0,0,-5.75781e-09,0.0483,-0.014142,0.00585799,0.0483,-0.014142,0.005858,6.98328e-10,0,0,0,-0.014142,0.00585799,0.0483,-0.02,0.02,0.0483,-0.02,0.02,2.38419e-09,-0.014142,0.005858,6.98328e-10,-0.02,0.02,0.0483,-0.02,0.7928,0.0483011,-0.02,0.7928,9.45091e-08,-0.02,0.02,2.38419e-09,-0.02,0.7928,0.0483011,-0.014142,0.806942,0.0483011,-0.014142,0.806942,9.6195e-08,-0.02,0.7928,9.45091e-08,-0.014142,0.806942,0.0483011,0,0.8128,0.0483011,0,0.8128,9.68933e-08,-0.014142,0.806942,9.6195e-08,0,0.8128,0.0483011,1.23,0.8128,0.0483011,1.23,0.8128,9.68933e-08,0,0.8128,9.68933e-08,1.23,0.8128,0.0483011,1.24414,0.806942,0.0483011,1.24414,0.806942,9.6195e-08,1.23,0.8128,9.68933e-08,1.24414,0.806942,0.0483011,1.25,0.7928,0.0483011,1.25,0.7928,9.45091e-08,1.24414,0.806942,9.6195e-08,-0.014142,0.806942,0.0483011,-0.02,0.7928,0.0483011,-0.02,0.02,0.0483,-0.014142,0.00585799,0.0483,0,-5.75781e-09,0.0483,1.23,-5.75781e-09,0.0483,1.24414,0.00585799,0.0483,1.25,0.02,0.0483,1.25,0.7928,0.0483011,1.24414,0.806942,0.0483011,1.23,0.8128,0.0483011,0,0.8128,0.0483011,-0.014142,0.806942,9.6195e-08,0,0.8128,9.68933e-08,1.23,0.8128,9.68933e-08,1.24414,0.806942,9.6195e-08,1.25,0.7928,9.45091e-08,1.25,0.02,2.38419e-09,1.24414,0.005858,6.98328e-10,1.23,0,0,0,0,0,-0.014142,0.005858,6.98328e-10,-0.02,0.02,2.38419e-09,-0.02,0.7928,9.45091e-08],
    "uvs":[[0.001052,0,0.002104,0,0.002104,0.5,0.001052,0.5,0.003157,0,0.003157,0.85578,0.002104,0.85578,0,0,0,0.5,0.004209,0,0.004209,0.85578,0.004209,0.998535,0.858524,0.998535,0.858524,0.5,0.004209,0.5,0.004209,0.498535,0.858524,0,0.858524,0.498535,0.187207,0,0.187207,0.514427,0,0.514427,0.190915,0,0.190915,0.514427,0.194623,0,0.194623,0.514427,0.492584,0,0.492584,0.514427,0.496292,0,0.496292,0.514427,0.5,0,0.5,0.514427,0.687207,0,0.687207,0.514427,0.690915,0,0.690915,0.514427,0.694623,0,0.694623,0.514427,0.992584,0,0.992584,0.514427,0.996292,0,0.996292,0.514427,1,0,1,0.514427,0.001419,0.517927,0.004845,0.514428,0.302806,0.514428,0.306232,0.517927,0.307651,0.526376,0.307651,0.988052,0.306232,0.9965,0.302806,1,0.004845,1,0.001419,0.9965,0,0.988052,0,0.526376]],
    "normals":[-1,-0,0,0,1,0,1,-0,0,0,-1,0,0,-1.14978e-07,1,0,1.51562e-06,-1,1,0,-0,0.923876,-0.382691,-4.42852e-08,0.382693,-0.923875,-1.08252e-07,0,-1,-1.19209e-07,-0.382694,-0.923875,-1.08253e-07,-0.923875,-0.382694,-4.42851e-08,-1,0,0,-0.923875,0.382695,0,-0.382694,0.923875,0,0,1,-0,0.382693,0.923875,0,0.923876,0.382692,0,0,1.19209e-07,-1,0,1.19209e-07,-1,1.31716e-07,-3.1798e-07,1,0,0,1,-2.76218e-06,-1.40759e-06,1,1.31717e-07,-3.17981e-07,1,-0,0,1,-2.7622e-06,-1.40759e-06,1,-8.7291e-10,-1.85392e-07,1,1.19189e-06,-1.37815e-06,1,-6.531e-09,-1.38708e-06,1,1.22393e-08,-1.35748e-06,1],
    "faces":[43,0,1,2,3,1,0,1,2,3,0,0,0,0,43,4,5,6,7,1,1,4,5,6,1,1,1,1,43,8,9,10,11,1,7,0,3,8,2,2,2,2,43,12,13,14,15,1,4,9,10,5,3,3,3,3,43,16,17,18,19,1,11,12,13,14,4,4,4,4,43,20,21,22,23,1,15,9,16,17,5,5,5,5,43,24,25,26,27,0,7,18,19,20,6,6,6,6,43,28,29,30,31,0,18,21,22,19,7,7,7,7,43,32,33,34,35,0,21,23,24,22,8,8,8,8,43,36,37,38,39,0,23,25,26,24,9,9,9,9,43,40,41,42,43,0,25,27,28,26,10,10,10,10,43,44,45,46,47,0,27,29,30,28,11,11,11,11,43,48,49,50,51,0,29,31,32,30,12,12,12,12,43,52,53,54,55,0,31,33,34,32,13,13,13,13,43,56,57,58,59,0,33,35,36,34,14,14,14,14,43,60,61,62,63,0,35,37,38,36,15,15,15,15,43,64,65,66,67,0,37,39,40,38,16,16,16,16,43,68,69,70,71,0,39,41,42,40,17,17,17,17,42,90,88,89,0,43,53,54,18,18,18,42,86,87,88,0,51,52,53,18,18,18,42,84,85,86,0,49,50,51,18,18,18,42,94,95,84,0,47,48,49,18,18,18,42,92,93,94,0,45,46,47,18,18,18,42,90,91,92,0,43,44,45,19,19,19,42,90,86,88,0,43,51,53,18,18,18,42,94,84,86,0,47,49,51,18,18,18,42,90,92,94,0,43,45,47,18,18,18,42,90,94,86,0,43,47,51,18,18,18,42,79,77,78,0,53,51,52,20,20,20,42,75,76,77,0,49,50,51,21,21,21,42,73,74,75,0,47,48,49,22,22,22,42,83,72,73,0,45,46,47,23,23,23,42,81,82,83,0,43,44,45,24,24,24,42,79,80,81,0,53,54,43,25,25,25,42,79,75,77,0,53,49,51,26,26,26,42,83,73,75,0,45,47,49,27,27,27,42,79,81,83,0,53,43,45,28,28,28,42,79,83,75,0,53,45,49,29,29,29],
    "materials":[{
        "blending":1,
        "colorEmissive":[0,0,0],
        "specularCoef":114,
        "depthWrite":true,
        "colorSpecular":[0.5,0.5,0.5],
        "DbgName":"antracite",
        "opacity":1,
        "DbgColor":15658734,
        "depthTest":true,
        "doubleSided":false,
        "wireframe":false,
        "transparent":true,
        "visible":true,
        "DbgIndex":0,
        "shading":"phong",
        "colorDiffuse":[0.156793,0.156793,0.156793]
    },{
        "blending":1,
        "colorEmissive":[0,0,0],
        "specularCoef":114,
        "depthWrite":true,
        "colorSpecular":[0.5,0.5,0.5],
        "DbgName":"grey",
        "opacity":1,
        "DbgColor":15597568,
        "depthTest":true,
        "doubleSided":false,
        "wireframe":false,
        "transparent":true,
        "visible":true,
        "DbgIndex":1,
        "shading":"phong",
        "colorDiffuse":[0.64,0.64,0.64]
    }]
}