{
    "vertices":[0,-7.52961e-12,6.31629e-05,0,-7.52961e-12,6.31629e-05,0,-2.39172e-09,0.0200632,0,-2.39172e-09,0.0200632,0,-2.3917e-09,0.020063,0,-7.51019e-12,6.3e-05,0,-7.51019e-12,6.3e-05,0,-2.3917e-09,0.020063],
    "normals":[0,0,1],
    "metadata":{
        "vertices":8,
        "faces":6,
        "uvs":1,
        "morphTargets":4,
        "normals":1,
        "materials":2,
        "version":3,
        "generator":"io_three",
        "type":"Geometry"
    },
    "materials":[{
        "shading":"phong",
        "specularCoef":114,
        "colorEmissive":[0,0,0],
        "visible":true,
        "opacity":1,
        "transparent":true,
        "depthWrite":true,
        "doubleSided":false,
        "depthTest":true,
        "wireframe":false,
        "colorDiffuse":[0.64,0.64,0.64],
        "colorSpecular":[0.25,0.25,0.25],
        "blending":1,
        "DbgIndex":0,
        "DbgName":"Material.002",
        "DbgColor":15658734
    },{
        "shading":"phong",
        "specularCoef":114,
        "colorEmissive":[0,0,0],
        "visible":true,
        "opacity":1,
        "transparent":true,
        "depthWrite":true,
        "doubleSided":false,
        "depthTest":true,
        "mapDiffuse":"TNM-logo-FINAL-white.png",
        "wireframe":false,
        "mapDiffuseAnisotropy":1,
        "mapDiffuseRepeat":[1,1],
        "colorDiffuse":[0.64,0.64,0.64],
        "colorSpecular":[0.5,0.5,0.5],
        "mapDiffuseWrap":["repeat","repeat"],
        "blending":1,
        "DbgIndex":1,
        "DbgName":"Material.003",
        "DbgColor":15597568
    }],
    "uvs":[[0.375,0,0.625,0,0.625,0.25,0.375,0.25,0.375,0.5,0.625,0.5,0.625,0.75,0.375,0.75,0.625,1,0.375,1,0.125,0.5,0.125,0.75,0.875,0.75,0.875,0.5,0.978261,0,0.978261,1,0,1,0,0]],
    "morphTargets":[{
        "name":"animation_000000",
        "vertices":[0,-7.52961e-12,6.31629e-05,0,-7.52961e-12,6.31629e-05,0,-2.39172e-09,0.0200632,0,-2.39172e-09,0.0200632,0,-2.3917e-09,0.020063,0,-7.51019e-12,6.3e-05,0,-7.51019e-12,6.3e-05,0,-2.3917e-09,0.020063]
    },{
        "name":"animation_000001",
        "vertices":[1,-7.52961e-12,6.31629e-05,0,-7.52961e-12,6.31629e-05,0,-2.39172e-09,0.0200632,1,-2.39172e-09,0.0200632,0,-2.3917e-09,0.020063,0,-7.51019e-12,6.3e-05,1,-7.51019e-12,6.3e-05,1,-2.3917e-09,0.020063]
    },{
        "name":"animation_000002",
        "vertices":[0,1,6.31192e-05,0,1,6.31192e-05,0,1,0.0200631,0,1,0.0200631,0,-2.3917e-09,0.020063,0,-7.51019e-12,6.3e-05,0,-7.51019e-12,6.3e-05,0,-2.3917e-09,0.020063]
    },{
        "name":"animation_000003",
        "vertices":[0,1,6.31192e-05,0,1,6.31192e-05,0,1,0.0200631,0,1,0.0200631,0,-2.3917e-09,0.020063,0,-7.51019e-12,6.3e-05,0,-7.51019e-12,6.3e-05,0,-2.3917e-09,0.020063]
    }],
    "faces":[43,0,1,2,3,0,0,1,2,3,0,0,0,0,43,4,2,1,5,0,4,5,6,7,0,0,0,0,43,5,6,7,4,0,7,6,8,9,0,0,0,0,43,6,0,3,7,0,10,4,7,11,0,0,0,0,43,0,6,5,1,0,12,6,5,13,0,0,0,0,43,7,3,2,4,1,14,15,16,17,0,0,0,0]
}