{
    "materials":[{
        "colorEmissive":[0,0,0],
        "depthWrite":true,
        "DbgIndex":0,
        "colorSpecular":[0.5,0.5,0.5],
        "specularCoef":50,
        "wireframe":false,
        "transparent":false,
        "visible":true,
        "opacity":1,
        "blending":1,
        "colorDiffuse":[0.548857,0.548857,0.548857],
        "doubleSided":false,
        "depthTest":true,
        "DbgName":"m_metal",
        "shading":"phong",
        "DbgColor":15658734
    },{
        "colorEmissive":[0,0,0],
        "depthWrite":true,
        "DbgIndex":1,
        "colorSpecular":[0.5,0.5,0.5],
        "specularCoef":50,
        "wireframe":false,
        "transparent":false,
        "visible":true,
        "opacity":1,
        "blending":1,
        "colorDiffuse":[1,1,1],
        "doubleSided":false,
        "depthTest":true,
        "DbgName":"m_door",
        "shading":"phong",
        "DbgColor":15597568
    }],
    "faces":[43,0,1,2,3,1,0,1,2,3,0,0,0,0,43,4,5,6,7,1,4,5,6,7,1,1,1,1,43,8,9,10,11,1,8,9,10,11,2,2,2,2,43,12,13,14,15,1,9,12,13,10,3,3,3,3,43,16,17,18,19,1,12,14,15,13,4,4,4,4,43,20,21,22,23,1,14,16,17,15,5,5,5,5,43,24,25,26,27,0,8,18,19,1,6,6,6,6,43,28,29,30,31,0,18,20,21,19,2,2,2,2,43,32,33,34,35,0,20,22,23,21,7,7,7,7,43,36,37,38,39,0,22,24,25,23,8,8,8,8,43,40,41,42,43,0,24,26,27,25,9,9,9,9,43,44,45,46,47,0,26,28,29,27,2,2,2,2,43,48,49,50,51,0,28,30,31,29,7,7,7,7,43,52,53,54,55,0,30,32,33,31,8,8,8,8,42,56,57,58,0,34,35,36,10,10,10,42,59,56,60,0,16,34,37,10,10,10,42,58,60,56,0,36,37,34,10,10,10,42,61,62,63,0,38,39,40,10,10,10,42,56,59,61,0,34,16,38,10,10,10,42,62,61,59,0,39,38,16,10,10,10,42,64,65,66,0,41,42,43,11,11,11,42,67,68,64,0,39,44,41,12,12,12,42,65,64,68,0,42,41,44,13,13,13,42,69,70,71,0,45,46,16,14,14,14,42,64,69,67,0,41,45,39,12,12,12,42,71,67,69,0,16,39,45,15,15,15],
    "vertices":[0.02,9.77524e-08,1.1653e-14,0.02,-1.42108e-15,1.19209e-08,-1.19209e-08,-1.42108e-15,1.19209e-08,-1.19209e-08,9.77524e-08,1.1653e-14,-1.19209e-08,-0.03,1.30535e-07,0.02,-0.03,1.30535e-07,0.02,-0.0299999,1.18614e-07,-1.19209e-08,-0.0299999,1.18614e-07,0.02,-1.42108e-15,1.19209e-08,0.02,9.77524e-08,1.1653e-14,0.02,-0.0299999,1.18614e-07,0.02,-0.03,1.30535e-07,0.02,9.77524e-08,1.1653e-14,-1.19209e-08,9.77524e-08,1.1653e-14,-1.19209e-08,-0.0299999,1.18614e-07,0.02,-0.0299999,1.18614e-07,-1.19209e-08,9.77524e-08,1.1653e-14,-1.19209e-08,-1.42108e-15,1.19209e-08,-1.19209e-08,-0.03,1.30535e-07,-1.19209e-08,-0.0299999,1.18614e-07,-1.19209e-08,-1.42108e-15,1.19209e-08,0.02,-1.42108e-15,1.19209e-08,0.02,-0.03,1.30535e-07,-1.19209e-08,-0.03,1.30535e-07,-1.19209e-08,-0.0299999,1.78219e-07,0.02,-0.0299999,1.78219e-07,0.02,-0.03,1.30535e-07,-1.19209e-08,-0.03,1.30535e-07,0.02,-0.0299999,1.78219e-07,0.02,-0.0199999,1.79411e-07,0.02,-0.02,1.31727e-07,0.02,-0.03,1.30535e-07,0.02,-0.0199999,1.79411e-07,0.015,-0.0199999,1.79411e-07,0.015,-0.02,1.31727e-07,0.02,-0.02,1.31727e-07,0.015,-0.0199999,1.79411e-07,0.015,-0.0249999,1.78815e-07,0.015,-0.025,1.31131e-07,0.015,-0.02,1.31727e-07,0.015,-0.0249999,1.78815e-07,0.00499999,-0.0249999,1.78815e-07,0.00499999,-0.025,1.31131e-07,0.015,-0.025,1.31131e-07,0.00499999,-0.0249999,1.78815e-07,0.00499999,-0.00499988,1.81199e-07,0.00499999,-0.005,1.33515e-07,0.00499999,-0.025,1.31131e-07,0.00499999,-0.00499988,1.81199e-07,-1.19209e-08,-0.00499988,1.81199e-07,-1.19209e-08,-0.005,1.33515e-07,0.00499999,-0.005,1.33515e-07,-1.19209e-08,-0.00499988,1.81199e-07,-1.19209e-08,-0.0299999,1.78219e-07,-1.19209e-08,-0.03,1.30535e-07,-1.19209e-08,-0.005,1.33515e-07,0.015,-0.0249999,1.78815e-07,0.015,-0.0199999,1.79411e-07,0.02,-0.0199999,1.79411e-07,-1.19209e-08,-0.0299999,1.78219e-07,0.02,-0.0299999,1.78219e-07,0.00499999,-0.0249999,1.78815e-07,-1.19209e-08,-0.00499988,1.81199e-07,0.00499999,-0.00499988,1.81199e-07,0.015,-0.025,1.31131e-07,0.02,-0.02,1.31727e-07,0.015,-0.02,1.31727e-07,-1.19209e-08,-0.03,1.30535e-07,0.02,-0.03,1.30535e-07,0.00499999,-0.025,1.31131e-07,0.00499999,-0.005,1.33515e-07,-1.19209e-08,-0.005,1.33515e-07],
    "normals":[0,-0.121053,-0.992646,0,0.0995035,0.995037,-1,0,0,0,3.95381e-06,1,1,0,0,0,-3.95381e-06,-1,0,0.371391,-0.928477,0,-0.371391,0.928477,1,0,-0,0,-0.371391,0.928477,0,1.19209e-07,-1,0,-1.19212e-07,1,0,-1.19209e-07,1,-1.42247e-12,-1.19211e-07,1,0,-1.1921e-07,1,5.6899e-13,-1.1921e-07,1],
    "metadata":{
        "uvs":1,
        "version":3,
        "normals":16,
        "type":"Geometry",
        "faces":26,
        "materials":2,
        "vertices":72,
        "generator":"io_three",
        "morphTargets":5
    },
    "morphTargets":[{
        "name":"animation_000000",
        "vertices":[0.02,9.77524e-08,1.1653e-14,0.02,-1.42108e-15,1.19209e-08,-1.19209e-08,-1.42108e-15,1.19209e-08,-1.19209e-08,9.77524e-08,1.1653e-14,-1.19209e-08,-0.03,1.30535e-07,0.02,-0.03,1.30535e-07,0.02,-0.0299999,1.18614e-07,-1.19209e-08,-0.0299999,1.18614e-07,0.02,-1.42108e-15,1.19209e-08,0.02,9.77524e-08,1.1653e-14,0.02,-0.0299999,1.18614e-07,0.02,-0.03,1.30535e-07,0.02,9.77524e-08,1.1653e-14,-1.19209e-08,9.77524e-08,1.1653e-14,-1.19209e-08,-0.0299999,1.18614e-07,0.02,-0.0299999,1.18614e-07,-1.19209e-08,9.77524e-08,1.1653e-14,-1.19209e-08,-1.42108e-15,1.19209e-08,-1.19209e-08,-0.03,1.30535e-07,-1.19209e-08,-0.0299999,1.18614e-07,-1.19209e-08,-1.42108e-15,1.19209e-08,0.02,-1.42108e-15,1.19209e-08,0.02,-0.03,1.30535e-07,-1.19209e-08,-0.03,1.30535e-07,-1.19209e-08,-0.0299999,1.78219e-07,0.02,-0.0299999,1.78219e-07,0.02,-0.03,1.30535e-07,-1.19209e-08,-0.03,1.30535e-07,0.02,-0.0299999,1.78219e-07,0.02,-0.0199999,1.79411e-07,0.02,-0.02,1.31727e-07,0.02,-0.03,1.30535e-07,0.02,-0.0199999,1.79411e-07,0.015,-0.0199999,1.79411e-07,0.015,-0.02,1.31727e-07,0.02,-0.02,1.31727e-07,0.015,-0.0199999,1.79411e-07,0.015,-0.0249999,1.78815e-07,0.015,-0.025,1.31131e-07,0.015,-0.02,1.31727e-07,0.015,-0.0249999,1.78815e-07,0.00499999,-0.0249999,1.78815e-07,0.00499999,-0.025,1.31131e-07,0.015,-0.025,1.31131e-07,0.00499999,-0.0249999,1.78815e-07,0.00499999,-0.00499988,1.81199e-07,0.00499999,-0.005,1.33515e-07,0.00499999,-0.025,1.31131e-07,0.00499999,-0.00499988,1.81199e-07,-1.19209e-08,-0.00499988,1.81199e-07,-1.19209e-08,-0.005,1.33515e-07,0.00499999,-0.005,1.33515e-07,-1.19209e-08,-0.00499988,1.81199e-07,-1.19209e-08,-0.0299999,1.78219e-07,-1.19209e-08,-0.03,1.30535e-07,-1.19209e-08,-0.005,1.33515e-07,0.015,-0.0249999,1.78815e-07,0.015,-0.0199999,1.79411e-07,0.02,-0.0199999,1.79411e-07,-1.19209e-08,-0.0299999,1.78219e-07,0.02,-0.0299999,1.78219e-07,0.00499999,-0.0249999,1.78815e-07,-1.19209e-08,-0.00499988,1.81199e-07,0.00499999,-0.00499988,1.81199e-07,0.015,-0.025,1.31131e-07,0.02,-0.02,1.31727e-07,0.015,-0.02,1.31727e-07,-1.19209e-08,-0.03,1.30535e-07,0.02,-0.03,1.30535e-07,0.00499999,-0.025,1.31131e-07,0.00499999,-0.005,1.33515e-07,-1.19209e-08,-0.005,1.33515e-07]
    },{
        "name":"animation_000001",