{
    "materials":[{
        "colorEmissive":[0,0,0],
        "depthWrite":true,
        "DbgIndex":0,
        "colorSpecular":[0.5,0.5,0.5],
        "specularCoef":50,
        "wireframe":false,
        "transparent":false,
        "visible":true,
        "opacity":1,
        "blending":1,
        "colorDiffuse":[1,1,1],
        "doubleSided":false,
        "depthTest":true,
        "DbgName":"m_door",
        "shading":"phong",
        "DbgColor":15658734
    }],
    "faces":[43,0,1,2,3,0,0,1,2,3,0,0,0,0,43,4,5,6,7,0,4,5,6,7,1,1,1,1,43,8,9,10,11,0,8,9,10,11,2,2,2,2,43,12,13,14,15,0,9,12,13,10,3,3,3,3,43,16,17,18,19,0,12,14,15,13,4,4,4,4,43,20,21,22,23,0,14,16,17,15,5,5,5,5],
    "vertices":[0.02,9.77524e-08,1.1653e-14,0.02,-2.91325e-15,2.44381e-08,0,-2.91325e-15,2.44381e-08,0,9.77524e-08,1.1653e-14,0,-0.005,1.46033e-07,0.02,-0.005,1.46033e-07,0.02,-0.00499988,1.21594e-07,0,-0.00499988,1.21594e-07,0.02,-2.91325e-15,2.44381e-08,0.02,9.77524e-08,1.1653e-14,0.02,-0.00499988,1.21594e-07,0.02,-0.005,1.46033e-07,0.02,9.77524e-08,1.1653e-14,0,9.77524e-08,1.1653e-14,0,-0.00499988,1.21594e-07,0.02,-0.00499988,1.21594e-07,0,9.77524e-08,1.1653e-14,0,-2.91325e-15,2.44381e-08,0,-0.005,1.46033e-07,0,-0.00499988,1.21594e-07,0,-2.91325e-15,2.44381e-08,0.02,-2.91325e-15,2.44381e-08,0.02,-0.005,1.46033e-07,0,-0.005,1.46033e-07],
    "normals":[0,-0.242536,-0.970143,0,0.200825,0.979627,-1,0,0,0,2.4319e-05,1,1,0,0,0,-2.43189e-05,-1],
    "metadata":{
        "uvs":1,
        "version":3,
        "normals":6,
        "type":"Geometry",
        "faces":6,
        "materials":1,
        "vertices":24,
        "generator":"io_three",
        "morphTargets":5
    },
    "morphTargets":[{
        "name":"animation_000000",
        "vertices":[0.02,9.77524e-08,1.1653e-14,0.02,-2.91325e-15,2.44381e-08,0,-2.91325e-15,2.44381e-08,0,9.77524e-08,1.1653e-14,0,-0.005,1.46033e-07,0.02,-0.005,1.46033e-07,0.02,-0.00499988,1.21594e-07,0,-0.00499988,1.21594e-07,0.02,-2.91325e-15,2.44381e-08,0.02,9.77524e-08,1.1653e-14,0.02,-0.00499988,1.21594e-07,0.02,-0.005,1.46033e-07,0.02,9.77524e-08,1.1653e-14,0,9.77524e-08,1.1653e-14,0,-0.00499988,1.21594e-07,0.02,-0.00499988,1.21594e-07,0,9.77524e-08,1.1653e-14,0,-2.91325e-15,2.44381e-08,0,-0.005,1.46033e-07,0,-0.00499988,1.21594e-07,0,-2.91325e-15,2.44381e-08,0.02,-2.91325e-15,2.44381e-08,0.02,-0.005,1.46033e-07,0,-0.005,1.46033e-07]
    },{
        "name":"animation_000001",
        "vertices":[0.02,5.4041e-08,-1,0.02,-2.91325e-15,2.44381e-08,0,-2.91325e-15,2.44381e-08,0,5.4041e-08,-1,0,-0.005,1.46033e-07,0.02,-0.005,1.46033e-07,0.02,-0.00499994,-1,0,-0.00499994,-1,0.02,-2.91325e-15,2.44381e-08,0.02,5.4041e-08,-1,0.02,-0.00499994,-1,0.02,-0.005,1.46033e-07,0.02,5.4041e-08,-1,0,5.4041e-08,-1,0,-0.00499994,-1,0.02,-0.00499994,-1,0,5.4041e-08,-1,0,-2.91325e-15,2.44381e-08,0,-0.005,1.46033e-07,0,-0.00499994,-1,0,-2.91325e-15,2.44381e-08,0.02,-2.91325e-15,2.44381e-08,0.02,-0.005,1.46033e-07,0,-0.005,1.46033e-07]
    },{
        "name":"animation_000002",
        "vertices":[0.02,9.77524e-08,1.1653e-14,0.02,-2.91325e-15,2.44381e-08,0,-2.91325e-15,2.44381e-08,0,9.77524e-08,1.1653e-14,0,0.995,1.02321e-07,0.02,0.995,1.02321e-07,0.02,0.995,7.78831e-08,0,0.995,7.78831e-08,0.02,-2.91325e-15,2.44381e-08,0.02,9.77524e-08,1.1653e-14,0.02,0.995,7.78831e-08,0.02,0.995,1.02321e-07,0.02,9.77524e-08,1.1653e-14,0,9.77524e-08,1.1653e-14,0,0.995,7.78831e-08,0.02,0.995,7.78831e-08,0,9.77524e-08,1.1653e-14,0,-2.91325e-15,2.44381e-08,0,0.995,1.02321e-07,0,0.995,7.78831e-08,0,-2.91325e-15,2.44381e-08,0.02,-2.91325e-15,2.44381e-08,0.02,0.995,1.02321e-07,0,0.995,1.02321e-07]
    },{
        "name":"animation_000003",
        "vertices":[0.02,9.77524e-08,1.1653e-14,0.02,-2.91325e-15,2.44381e-08,0,-2.91325e-15,2.44381e-08,0,9.77524e-08,1.1653e-14,0,-0.005,1.46033e-07,0.02,-0.005,1.46033e-07,0.02,-0.00499988,1.21594e-07,0,-0.00499988,1.21594e-07,0.02,-2.91325e-15,2.44381e-08,0.02,9.77524e-08,1.1653e-14,0.02,-0.00499988,1.21594e-07,0.02,-0.005,1.46033e-07,0.02,9.77524e-08,1.1653e-14,0,9.77524e-08,1.1653e-14,0,-0.00499988,1.21594e-07,0.02,-0.00499988,1.21594e-07,0,9.77524e-08,1.1653e-14,0,-2.91325e-15,2.44381e-08,0,-0.005,1.46033e-07,0,-0.00499988,1.21594e-07,0,-2.91325e-15,2.44381e-08,0.02,-2.91325e-15,2.44381e-08,0.02,-0.005,1.46033e-07,0,-0.005,1.46033e-07]
    },{
        "name":"animation_000004",
        "vertices":[0.02,9.77524e-08,1.1653e-14,0.02,-2.91325e-15,2.44381e-08,0,-2.91325e-15,2.44381e-08,0,9.77524e-08,1.1653e-14,0,-0.005,1.46033e-07,0.02,-0.005,1.46033e-07,0.02,-0.00499988,1.21594e-07,0,-0.00499988,1.21594e-07,0.02,-2.91325e-15,2.44381e-08,0.02,9.77524e-08,1.1653e-14,0.02,-0.00499988,1.21594e-07,0.02,-0.005,1.46033e-07,0.02,9.77524e-08,1.1653e-14,0,9.77524e-08,1.1653e-14,0,-0.00499988,1.21594e-07,0.02,-0.00499988,1.21594e-07,0,9.77524e-08,1.1653e-14,0,-2.91325e-15,2.44381e-08,0,-0.005,1.46033e-07,0,-0.00499988,1.21594e-07,0,-2.91325e-15,2.44381e-08,0.02,-2.91325e-15,2.44381e-08,0.02,-0.005,1.46033e-07,0,-0.005,1.46033e-07]
    }],
    "uvs":[[0.483871,1,0,1,0,0.974522,0.483871,0.974522,0.516129,1,0.516129,0.974522,1,0.974522,1,1,0,0,0.483871,0,0.483871,0.974521,0,0.974521,0.5,0,0.5,0.974521,0.983871,0,0.983871,0.974521,1,0,1,0.974521]]
}