{
    "metadata":{
        "morphTargets":5,
        "version":3,
        "generator":"io_three",
        "vertices":96,
        "materials":1,
        "normals":26,
        "type":"Geometry",
        "faces":32,
        "uvs":1
    },
    "morphTargets":[{
        "name":"animation_000000",
        "vertices":[0.58,2.38418e-09,-0.02,0.58,4.13264e-09,0.02,0.58,0.02,0.02,0.58,0.02,-0.02,0.58,4.13264e-09,0.02,0.02,9.53682e-08,0.0200001,0.02,0.0200001,0.0200001,0.58,0.02,0.02,0.02,9.53682e-08,0.0200001,0.02,9.36198e-08,-0.02,0.02,0.0200001,-0.02,0.02,0.0200001,0.0200001,0.02,9.36198e-08,-0.02,0.58,2.38418e-09,-0.02,0.58,0.02,-0.02,0.02,0.0200001,-0.02,0.58,4.13264e-09,0.02,0.58,2.38418e-09,-0.02,0.02,9.36198e-08,-0.02,0.02,9.53682e-08,0.0200001,0.58,0.02,0.02,0.02,0.0200001,-0.02,0.58,0.02,-0.02,0.02,0.0200001,0.0200001,0.58,3.25841e-09,8.74227e-10,0.58,2.38418e-09,-0.02,0.58,2.38416e-09,-0.02,0.58,3.25839e-09,8.74221e-10,0.58,2.38418e-09,-0.02,0,9.68782e-08,-0.02,1.19209e-07,9.68782e-08,-0.02,0.58,2.38416e-09,-0.02,0,9.68782e-08,-0.02,0,9.77524e-08,2.62268e-08,1.19209e-07,9.77524e-08,2.62268e-08,1.19209e-07,9.68782e-08,-0.02,0,9.77524e-08,2.62268e-08,0.58,3.25841e-09,8.74227e-10,0.58,3.25839e-09,8.74221e-10,1.19209e-07,9.77524e-08,2.62268e-08,0.58,2.38418e-09,-0.02,0.58,3.25841e-09,8.74227e-10,0,9.77524e-08,2.62268e-08,0,9.68782e-08,-0.02,0.58,2.38416e-09,-0.02,1.19209e-07,9.77524e-08,2.62268e-08,0.58,3.25839e-09,8.74221e-10,1.19209e-07,9.68782e-08,-0.02,0.02,9.53682e-08,0.0200001,0,9.86266e-08,0.0200001,1.19209e-07,9.86266e-08,0.0200001,0.0200002,9.53682e-08,0.0200001,0,9.86266e-08,0.0200001,0,9.68782e-08,-0.02,1.19209e-07,9.68782e-08,-0.02,1.19209e-07,9.86266e-08,0.0200001,0,9.68782e-08,-0.02,0.02,9.36198e-08,-0.02,0.0200002,9.36197e-08,-0.02,1.19209e-07,9.68782e-08,-0.02,0.02,9.36198e-08,-0.02,0.02,9.53682e-08,0.0200001,0.0200002,9.53682e-08,0.0200001,0.0200002,9.36197e-08,-0.02,0,9.86266e-08,0.0200001,0.02,9.53682e-08,0.0200001,0.02,9.36198e-08,-0.02,0,9.68782e-08,-0.02,1.19209e-07,9.86266e-08,0.0200001,0.0200002,9.36197e-08,-0.02,0.0200002,9.53682e-08,0.0200001,1.19209e-07,9.68782e-08,-0.02,0.58,4.13264e-09,0.02,0.58,3.25841e-09,8.74228e-10,0.58,3.25839e-09,8.74222e-10,0.58,4.13262e-09,0.02,0.58,3.25841e-09,8.74228e-10,0,9.77524e-08,2.62268e-08,1.19209e-07,9.77524e-08,2.62268e-08,0.58,3.25839e-09,8.74222e-10,0,9.77524e-08,2.62268e-08,0,9.86266e-08,0.0200001,1.19209e-07,9.86266e-08,0.0200001,1.19209e-07,9.77524e-08,2.62268e-08,0,9.86266e-08,0.0200001,0.58,4.13264e-09,0.02,0.58,4.13262e-09,0.02,1.19209e-07,9.86266e-08,0.0200001,0.58,3.25841e-09,8.74228e-10,0.58,4.13264e-09,0.02,0,9.86266e-08,0.0200001,0,9.77524e-08,2.62268e-08,0.58,3.25839e-09,8.74222e-10,1.19209e-07,9.86266e-08,0.0200001,0.58,4.13262e-09,0.02,1.19209e-07,9.77524e-08,2.62268e-08]
    },{
        "name":"animation_000001",
        "vertices":[0.58,2.38418e-09,-0.02,0.58,-3.95788e-08,-0.98,0.58,0.02,-0.98,0.58,0.02,-0.02,0.58,-3.95788e-08,-0.98,0.02,5.16568e-08,-0.98,0.02,0.02,-0.98,0.58,0.02,-0.98,0.02,5.16568e-08,-0.98,0.02,9.36198e-08,-0.02,0.02,0.0200001,-0.02,0.02,0.02,-0.98,0.02,9.36198e-08,-0.02,0.58,2.38418e-09,-0.02,0.58,0.02,-0.02,0.02,0.0200001,-0.02,0.58,-3.95788e-08,-0.98,0.58,2.38418e-09,-0.02,0.02,9.36198e-08,-0.02,0.02,5.16568e-08,-0.98,0.58,0.02,-0.98,0.02,0.0200001,-0.02,0.58,0.02,-0.02,0.02,0.02,-0.98,0.58,3.25841e-09,8.74227e-10,0.58,2.38418e-09,-0.02,0.58,2.38416e-09,-0.02,0.58,3.25839e-09,8.74221e-10,0.58,2.38418e-09,-0.02,0,9.68782e-08,-0.02,1.19209e-07,9.68782e-08,-0.02,0.58,2.38416e-09,-0.02,0,9.68782e-08,-0.02,0,9.77524e-08,2.62268e-08,1.19209e-07,9.77524e-08,2.62268e-08,1.19209e-07,9.68782e-08,-0.02,0,9.77524e-08,2.62268e-08,0.58,3.25841e-09,8.74227e-10,0.58,3.25839e-09,8.74221e-10,1.19209e-07,9.77524e-08,2.62268e-08,0.58,2.38418e-09,-0.02,0.58,3.25841e-09,8.74227e-10,0,9.77524e-08,2.62268e-08,0,9.68782e-08,-0.02,0.58,2.38416e-09,-0.02,1.19209e-07,9.77524e-08,2.62268e-08,0.58,3.25839e-09,8.74221e-10,1.19209e-07,9.68782e-08,-0.02,0.02,5.16568e-08,-0.98,0,5.49152e-08,-0.98,1.19209e-07,5.49152e-08,-0.98,0.0200002,5.16568e-08,-0.98,0,5.49152e-08,-0.98,0,9.68782e-08,-0.02,1.19209e-07,9.68782e-08,-0.02,1.19209e-07,5.49152e-08,-0.98,0,9.68782e-08,-0.02,0.02,9.36198e-08,-0.02,0.0200002,9.36197e-08,-0.02,1.19209e-07,9.68782e-08,-0.02,0.02,9.36198e-08,-0.02,0.02,5.16568e-08,-0.98,0.0200002,5.16568e-08,-0.98,0.0200002,9.36197e-08,-0.02,0,5.49152e-08,-0.98,0.02,5.16568e-08,-0.98,0.02,9.36198e-08,-0.02,0,9.68782e-08,-0.02,1.19209e-07,5.49152e-08,-0.98,0.0200002,9.36197e-08,-0.02,0.0200002,5.16568e-08,-0.98,1.19209e-07,9.68782e-08,-0.02,0.58,-3.95788e-08,-0.98,0.58,-4.0453e-08,-1,0.58,-4.0453e-08,-1,0.58,-3.95788e-08,-0.98,0.58,-4.0453e-08,-1,0,5.4041e-08,-1,1.19209e-07,5.4041e-08,-1,0.58,-4.0453e-08,-1,0,5.4041e-08,-1,0,5.49152e-08,-0.98,1.19209e-07,5.49152e-08,-0.98,1.19209e-07,5.4041e-08,-1,0,5.49152e-08,-0.98,0.58,-3.95788e-08,-0.98,0.58,-3.95788e-08,-0.98,1.19209e-07,5.49152e-08,-0.98,0.58,-4.0453e-08,-1,0.58,-3.95788e-08,-0.98,0,5.49152e-08,-0.98,0,5.4041e-08,-1,0.58,-4.0453e-08,-1,1.19209e-07,5.49152e-08,-0.98,0.58,-3.95788e-08,-0.98,1.19209e-07,5.4041e-08,-1]
    },{
        "name":"animation_000002",
        "vertices":[0.58,2.38418e-09,-0.02,0.58,4.13264e-09,0.02,0.58,0.02,0.02,0.58,0.02,-0.02,0.58,4.13264e-09,0.02,0.02,9.53682e-08,0.0200001,0.02,0.0200001,0.0200001,0.58,0.02,0.02,0.02,9.53682e-08,0.0200001,0.02,9.36198e-08,-0.02,0.02,0.0200001,-0.02,0.02,0.0200001,0.0200001,0.02,9.36198e-08,-0.02,0.58,2.38418e-09,-0.02,0.58,0.02,-0.02,0.02,0.0200001,-0.02,0.58,4.13264e-09,0.02,0.58,2.38418e-09,-0.02,0.02,9.36198e-08,-0.02,0.02,9.53682e-08,0.0200001,0.58,0.02,0.02,0.02,0.0200001,-0.02,0.58,0.02,-0.02,0.02,0.0200001,0.0200001,0.58,3.25841e-09,8.74227e-10,0.58,2.38418e-09,-0.02,0.58,1,-0.02,0.58,1,-4.28372e-08,0.58,2.38418e-09,-0.02,0,9.68782e-08,-0.02,1.19209e-07,1,-0.02,0.58,1,-0.02,0,9.68782e-08,-0.02,0,9.77524e-08,2.62268e-08,1.19209e-07,1,-1.74846e-08,1.19209e-07,1,-0.02,0,9.77524e-08,2.62268e-08,0.58,3.25841e-09,8.74227e-10,0.58,1,-4.28372e-08,1.19209e-07,1,-1.74846e-08,0.58,2.38418e-09,-0.02,0.58,3.25841e-09,8.74227e-10,0,9.77524e-08,2.62268e-08,0,9.68782e-08,-0.02,0.58,1,-0.02,1.19209e-07,1,-1.74846e-08,0.58,1,-4.28372e-08,1.19209e-07,1,-0.02,0.02,9.53682e-08,0.0200001,0,9.86266e-08,0.0200001,1.19209e-07,1,0.02,0.0200002,1,0.02,0,9.86266e-08,0.0200001,0,9.68782e-08,-0.02,1.19209e-07,1,-0.02,1.19209e-07,1,0.02,0,9.68782e-08,-0.02,0.02,9.36198e-08,-0.02,0.0200002,1,-0.02,1.19209e-07,1,-0.02,0.02,9.36198e-08,-0.02,0.02,9.53682e-08,0.0200001,0.0200002,1,0.02,0.0200002,1,-0.02,0,9.86266e-08,0.0200001,0.02,9.53682e-08,0.0200001,0.02,9.36198e-08,-0.02,0,9.68782e-08,-0.02,1.19209e-07,1,0.02,0.0200002,1,-0.02,0.0200002,1,0.02,1.19209e-07,1,-0.02,0.58,4.13264e-09,0.02,0.58,3.25841e-09,8.74228e-10,0.58,1,-4.28372e-08,0.58,1,0.02,0.58,3.25841e-09,8.74228e-10,0,9.77524e-08,2.62268e-08,1.19209e-07,1,-1.74846e-08,0.58,1,-4.28372e-08,0,9.77524e-08,2.62268e-08,0,9.86266e-08,0.0200001,1.19209e-07,1,0.02,1.19209e-07,1,-1.74846e-08,0,9.86266e-08,0.0200001,0.58,4.13264e-09,0.02,0.58,1,0.02,1.19209e-07,1,0.02,0.58,3.25841e-09,8.74228e-10,0.58,4.13264e-09,0.02,0,9.86266e-08,0.0200001,0,9.77524e-08,2.62268e-08,0.58,1,-4.28372e-08,1.19209e-07,1,0.02,0.58,1,0.02,1.19209e-07,1,-1.74846e-08]
    },{
        "name":"animation_000003",