{
    "metadata":{
        "normals":51,
        "version":3,
        "materials":2,
        "uvs":1,
        "faces":56,
        "morphTargets":4,
        "generator":"io_three",
        "type":"Geometry",
        "vertices":150
    },
    "uvs":[[0,0,0.190049,0,0.190049,0.508196,0,0.508196,0.475123,0,0.475123,0.508196,0.665172,0,0.665172,0.508196,0.950245,0,0.950245,0.508196,0.962684,0,0.962684,0.508196,0.975123,0,0.975123,0.508196,0.987561,0,0.987561,0.508196,1,0,1,0.508196,0.031833,0.938525,0.039791,0.918033,0.286495,1,0.286495,0.508197,0,1,0.023875,0.918033,0.031833,0.897541,0,0.508197,0.031833,0.569672,0.039791,0.590164,0.023875,0.590164,0.031833,0.610656,0.357143,0.555556,0.357143,1,0,0.555556,0.642857,0.555556,1,0.555556,1,1,0.642857,1,0.357143,0,0.357143,0.555555,0,0.555555,0.5,0,0.5,0.555555,0.857143,0,0.857143,0.555555,1,0.555555,0.251382,1,0,0.693618,0.251382,0.693618,0.748618,1,0.748618,0.693618,1,0.693618,0.248618,0,0.248618,0.693617,0,0.693617,0.5,0.693617,0.748618,0,0.748618,0.693617,1,0.693617,0.25,1,0,0.512195,0.25,0.512195,0.75,1,0.75,0.512195,1,0.512195,0.25,0,0.25,0.512195,0,0.512195,0.5,0.512195,0.75,0,0.75,0.512195,1,0.512195,0.386364,0,0.386364,0.583333,0,0.583333,0.5,0.583333,0.545455,0,0.545455,0.583333,0.613636,0,0.613636,0.583333,0.954545,0,0.954545,0.583333,1,0.583333,0.340909,0.833333,0.340909,0.583334,0.386364,0.583334,0.386364,1,0,0.833333,0,0.583334,0.340909,1,0.340909,0.75,0,0.75]],
    "morphTargets":[{
        "vertices":[-0,0,0,-0,0,0,-0,0.02,0,-0,0.02,0,-0,0,0,-0,0,0,-0,0.02,0,-0,0.02,0,-0,0,0,0,0,0,-0,0.02,0,-0,0.02,0,0,0,0,-0,0,0,-0,0.02,0,-0,0.02,0,0.075,0,0.1,0.1,0,0.075,0.1,0.02,0.075,0.075,0.02,0.1,0.125,0,0.1,0.125,0.02,0.1,0.1,0,0.125,0.1,0.02,0.125,0.075,0,0.1,0.075,0.02,0.1,0.075,0,0.1,0.1,0,0.125,-0,0,0,-0,0,0,0,0,0,0.1,0,0.075,0.125,0,0.1,-0,0,0,0.075,0.02,0.1,-0,0.02,0,0.1,0.02,0.125,-0,0.02,0,0.1,0.02,0.075,-0,0.02,0,0.125,0.02,0.1,-0,0.02,0,-0.02,1,0.05,0.02,1,0.05,0.02,0.9,0.05,-0.02,0.9,0.05,0.02,0.9,0.06,0.02,1,0.06,-0.02,1,0.06,-0.02,0.9,0.06,-0.02,1,0.05,-0.02,0.9,0.05,-0.02,0.9,0.06,-0.02,1,0.06,-0.02,0.9,0.05,0.02,0.9,0.05,0.02,0.9,0.06,-0.02,0.9,0.06,0.02,0.9,0.05,0.02,1,0.05,0.02,1,0.06,0.02,0.9,0.06,0.02,1,0.05,-0.02,1,0.05,-0.02,1,0.06,0.02,1,0.06,-0.02,1,-0,0.02,1,-0,0.02,0.96044,-0,-0.02,0.96044,-0,0.02,0.96044,0.05,0.02,1,0.05,-0.02,1,0.05,-0.02,0.96044,0.05,-0.02,1,-0,-0.02,0.96044,-0,-0.02,0.96044,0.05,-0.02,1,0.05,-0.02,0.96044,-0,0.02,0.96044,-0,0.02,0.96044,0.05,-0.02,0.96044,0.05,0.02,0.96044,-0,0.02,1,-0,0.02,1,0.05,0.02,0.96044,0.05,0.02,1,-0,-0.02,1,-0,-0.02,1,0.05,0.02,1,0.05,-0.075,1.9275,0.165824,-0.075,1.9275,0.315824,0.075,1.9275,0.315824,0.075,1.9275,0.165824,0.075,1.92,0.315824,-0.075,1.92,0.315824,-0.075,1.92,0.165824,0.075,1.92,0.165824,-0.075,1.9275,0.315824,-0.075,1.9275,0.165824,-0.075,1.92,0.165824,-0.075,1.92,0.315824,-0.075,1.9275,0.165824,0.075,1.9275,0.165824,0.075,1.92,0.165824,-0.075,1.92,0.165824,0.075,1.9275,0.165824,0.075,1.9275,0.315824,0.075,1.92,0.315824,0.075,1.92,0.165824,0.075,1.9275,0.315824,-0.075,1.9275,0.315824,-0.075,1.92,0.315824,0.075,1.92,0.315824,-0.015,1.9725,0.000824,-0.015,1.9725,0.225824,-0.015,1.9275,0.225824,-0.015,1.9275,0.255824,-0.015,2.0025,0.255824,-0.015,2.0025,0.000824,0.015,1.9725,0.000824,0.015,2.0025,0.000824,0.015,2.0025,0.255824,0.015,1.9275,0.255824,0.015,1.9275,0.225824,0.015,1.9725,0.225824,-0.015,2.0025,0.000824,-0.015,2.0025,0.255824,0.015,2.0025,0.255824,0.015,2.0025,0.000824,-0.015,2.0025,0.255824,-0.015,1.9275,0.255824,0.015,1.9275,0.255824,0.015,2.0025,0.255824,-0.015,1.9275,0.255824,-0.015,1.9275,0.225824,0.015,1.9275,0.225824,0.015,1.9275,0.255824,-0.015,1.9275,0.225824,-0.015,1.9725,0.225824,0.015,1.9725,0.225824,0.015,1.9275,0.225824,-0.015,1.9725,0.225824,-0.015,1.9725,0.000824,0.015,1.9725,0.000824,0.015,1.9725,0.225824,-0.015,1.9725,0.000824,-0.015,2.0025,0.000824,0.015,2.0025,0.000824,0.015,1.9725,0.000824],
        "name":"animation_000000"
    },{
        "vertices":[-0,0,0,1,0,0,1,0.02,0,-0,0.02,0,1,0,0,1,0,0,1,0.02,0,1,0.02,0,1,0,0,0,0,0,-0,0.02,0,1,0.02,0,0,0,0,-0,0,0,-0,0.02,0,-0,0.02,0,0.075,0,0.1,0.1,0,0.075,0.1,0.02,0.075,0.075,0.02,0.1,0.125,0,0.1,0.125,0.02,0.1,0.1,0,0.125,0.1,0.02,0.125,0.075,0,0.1,0.075,0.02,0.1,0.075,0,0.1,0.1,0,0.125,-0,0,0,1,0,0,0,0,0,0.1,0,0.075,0.125,0,0.1,1,0,0,0.075,0.02,0.1,-0,0.02,0,0.1,0.02,0.125,1,0.02,0,0.1,0.02,0.075,-0,0.02,0,0.125,0.02,0.1,1,0.02,0,0.48,1,0.05,0.52,1,0.05,0.52,0.9,0.05,0.48,0.9,0.05,0.52,0.9,0.06,0.52,1,0.06,0.48,1,0.06,0.48,0.9,0.06,0.48,1,0.05,0.48,0.9,0.05,0.48,0.9,0.06,0.48,1,0.06,0.48,0.9,0.05,0.52,0.9,0.05,0.52,0.9,0.06,0.48,0.9,0.06,0.52,0.9,0.05,0.52,1,0.05,0.52,1,0.06,0.52,0.9,0.06,0.52,1,0.05,0.48,1,0.05,0.48,1,0.06,0.52,1,0.06,0.48,1,-0,0.52,1,-0,0.52,0.96044,-0,0.48,0.96044,-0,0.52,0.96044,0.05,0.52,1,0.05,0.48,1,0.05,0.48,0.96044,0.05,0.48,1,-0,0.48,0.96044,-0,0.48,0.96044,0.05,0.48,1,0.05,0.48,0.96044,-0,0.52,0.96044,-0,0.52,0.96044,0.05,0.48,0.96044,0.05,0.52,0.96044,-0,0.52,1,-0,0.52,1,0.05,0.52,0.96044,0.05,0.52,1,-0,0.48,1,-0,0.48,1,0.05,0.52,1,0.05,0.425,1.9275,0.165824,0.425,1.9275,0.315824,0.575,1.9275,0.315824,0.575,1.9275,0.165824,0.575,1.92,0.315824,0.425,1.92,0.315824,0.425,1.92,0.165824,0.575,1.92,0.165824,0.425,1.9275,0.315824,0.425,1.9275,0.165824,0.425,1.92,0.165824,0.425,1.92,0.315824,0.425,1.9275,0.165824,0.575,1.9275,0.165824,0.575,1.92,0.165824,0.425,1.92,0.165824,0.575,1.9275,0.165824,0.575,1.9275,0.315824,0.575,1.92,0.315824,0.575,1.92,0.165824,0.575,1.9275,0.315824,0.425,1.9275,0.315824,0.425,1.92,0.315824,0.575,1.92,0.315824,0.485,1.9725,0.000824,0.485,1.9725,0.225824,0.485,1.9275,0.225824,0.485,1.9275,0.255824,0.485,2.0025,0.255824,0.485,2.0025,0.000824,0.515,1.9725,0.000824,0.515,2.0025,0.000824,0.515,2.0025,0.255824,0.515,1.9275,0.255824,0.515,1.9275,0.225824,0.515,1.9725,0.225824,0.485,2.0025,0.000824,0.485,2.0025,0.255824,0.515,2.0025,0.255824,0.515,2.0025,0.000824,0.485,2.0025,0.255824,0.485,1.9275,0.255824,0.515,1.9275,0.255824,0.515,2.0025,0.255824,0.485,1.9275,0.255824,0.485,1.9275,0.225824,0.515,1.9275,0.225824,0.515,1.9275,0.255824,0.485,1.9275,0.225824,0.485,1.9725,0.225824,0.515,1.9725,0.225824,0.515,1.9275,0.225824,0.485,1.9725,0.225824,0.485,1.9725,0.000824,0.515,1.9725,0.000824,0.515,1.9725,0.225824,0.485,1.9725,0.000824,0.485,2.0025,0.000824,0.515,2.0025,0.000824,0.515,1.9725,0.000824],