{
    "metadata":{
        "morphTargets":0,
        "type":"Geometry",
        "vertices":312,
        "normals":38,
        "faces":104,
        "materials":2,
        "uvs":1,
        "version":3,
        "generator":"io_three"
    },
    "name":"object_5Geometry.3",
    "materials":[{
        "DbgColor":15597568,
        "depthWrite":true,
        "transparent":false,
        "DbgName":"Material.001",
        "depthTest":true,
        "colorEmissive":[0,0,0],
        "DbgIndex":1,
        "opacity":1,
        "visible":true,
        "shading":"lambert",
        "wireframe":false,
        "blending":"NormalBlending",
        "colorDiffuse":[0.8,0.8,0.8]
    },{
        "DbgColor":15658734,
        "colorSpecular":[0.503067,0.503067,0.503067],
        "depthWrite":true,
        "transparent":false,
        "DbgName":"Material",
        "depthTest":true,
        "colorEmissive":[0,0,0],
        "DbgIndex":0,
        "specularCoef":50,
        "opacity":1,
        "visible":true,
        "shading":"phong",
        "wireframe":false,
        "blending":"NormalBlending",
        "colorDiffuse":[1,1,1]
    }],
    "uvs":[[0.342857,0.342857,0.684249,0.342857,0.684249,0.627107,0.342857,0.627107,0.04898,0.285714,0.04898,0,0.077551,0,0.077551,0.285714,0.685714,0.285714,0.685714,0,0.998535,0,0.998535,0.285714,0,0,0.028571,0,0.028571,0.285714,0,0.285714,0.342857,0.912821,0.342857,0.628571,0.684249,0.628571,0.684249,0.912821,0.685714,0.457143,0.998535,0.457143,0.998535,0.742857,0.685714,0.742857,0.097959,0.312943,0.412245,0.312943,0.440816,0.341392,0.097959,0.341392,0.440816,0,0.412245,0,0,0.685714,0,0.342857,0.028449,0.342857,0.028449,0.657143,0.341392,0.657143,0.341392,0.685714,0,0.657143,0.312943,0.657143,0.341392,0.342857,0.312943,0.342857,0.097959,0,0.126531,0,0.126531,0.312943,0.440816,0.312943,0.25,0,0.25,0.749999,0,0.749999,0.5,0,0.5,0.749999,0.75,0,0.75,0.749999,1,0,1,0.749999,0.25,1,0,1,0,0.75,0.25,0.75,1,0.75,0.75,1,0.75,0.75,1,1,0.21875,0,0.21875,0.529411,0,0.529411,0.234375,0,0.234375,0.529411,0.25,0.529411,0.46875,0,0.46875,0.529411,0.484375,0,0.484375,0.529411,0.5,0.529411,0.71875,0,0.71875,0.529411,0.734375,0,0.734375,0.529411,0.75,0.529411,0.96875,0,0.96875,0.529411,0.984375,0,0.984375,0.529411,1,0.529411,0.234375,1,0.015625,1,0.015625,0.970588,0.015625,0.558824,0,0.970588,0,0.558824,0.234375,0.558824,0.015625,0.529412,0.234375,0.970588,0.25,0.558824,0.25,0.970588,0.234375,0.529412]],
    "morphTargets":[],
    "vertices":[2.27,-0.1,-2.39,2.27,-0.1,-2.27,2.27,0,-2.27,2.27,0,-2.39,2.28,0,-2.39,2.28,-0.1,-2.39,2.27,-0.1,-2.39,2.27,0,-2.39,2.39,0,-2.28,2.39,-0.1,-2.28,2.28,-0.1,-2.28,2.28,0,-2.28,2.39,0,-2.28,2.39,0,-2.27,2.39,-0.1,-2.27,2.39,-0.1,-2.28,2.27,0,-2.27,2.27,-0.1,-2.27,2.39,-0.1,-2.27,2.39,0,-2.27,2.28,0,-2.39,2.28,0,-2.28,2.28,-0.1,-2.28,2.28,-0.1,-2.39,2.28,-0.1,-2.39,2.28,-0.1,-2.28,2.27,-0.1,-2.27,2.27,-0.1,-2.39,2.39,-0.1,-2.27,2.39,-0.1,-2.28,2.27,0,-2.27,2.39,0,-2.27,2.39,0,-2.28,2.28,0,-2.28,2.28,0,-2.39,2.27,0,-2.39,0.01,-0.1,-2.27,0.13,-0.1,-2.27,0.13,0,-2.27,0.01,0,-2.27,0.01,0,-2.28,0.01,-0.1,-2.28,0.01,-0.1,-2.27,0.01,0,-2.27,0.12,0,-2.39,0.12,-0.1,-2.39,0.12,-0.1,-2.28,0.12,0,-2.28,0.12,0,-2.39,0.13,0,-2.39,0.13,-0.1,-2.39,0.12,-0.1,-2.39,0.13,0,-2.27,0.13,-0.1,-2.27,0.13,-0.1,-2.39,0.13,0,-2.39,0.01,0,-2.28,0.12,0,-2.28,0.12,-0.1,-2.28,0.01,-0.1,-2.28,0.01,-0.1,-2.28,0.12,-0.1,-2.28,0.13,-0.1,-2.27,0.01,-0.1,-2.27,0.13,-0.1,-2.39,0.12,-0.1,-2.39,0.13,0,-2.27,0.13,0,-2.39,0.12,0,-2.39,0.12,0,-2.28,0.01,0,-2.28,0.01,0,-2.27,2.39,-0.1,-0.13,2.27,-0.1,-0.13,2.27,0,-0.13,2.39,0,-0.13,2.39,0,-0.12,2.39,-0.1,-0.12,2.39,-0.1,-0.13,2.39,0,-0.13,2.28,0,-0.01,2.28,-0.1,-0.01,2.28,-0.1,-0.12,2.28,0,-0.12,2.28,0,-0.01,2.27,0,-0.01,2.27,-0.1,-0.01,2.28,-0.1,-0.01,2.27,0,-0.13,2.27,-0.1,-0.13,2.27,-0.1,-0.01,2.27,0,-0.01,2.39,0,-0.12,2.28,0,-0.12,2.28,-0.1,-0.12,2.39,-0.1,-0.12,2.39,-0.1,-0.12,2.28,-0.1,-0.12,2.27,-0.1,-0.13,2.39,-0.1,-0.13,2.27,-0.1,-0.01,2.28,-0.1,-0.01,2.27,0,-0.13,2.27,0,-0.01,2.28,0,-0.01,2.28,0,-0.12,2.39,0,-0.12,2.39,0,-0.13,0.13,-0.1,-0.01,0.13,-0.1,-0.13,0.13,0,-0.13,0.13,0,-0.01,0.12,0,-0.01,0.12,-0.1,-0.01,0.13,-0.1,-0.01,0.13,0,-0.01,0.01,0,-0.12,0.01,-0.1,-0.12,0.12,-0.1,-0.12,0.12,0,-0.12,0.01,0,-0.12,0.01,0,-0.13,0.01,-0.1,-0.13,0.01,-0.1,-0.12,0.13,0,-0.13,0.13,-0.1,-0.13,0.01,-0.1,-0.13,0.01,0,-0.13,0.12,0,-0.01,0.12,0,-0.12,0.12,-0.1,-0.12,0.12,-0.1,-0.01,0.12,-0.1,-0.01,0.12,-0.1,-0.12,0.13,-0.1,-0.13,0.13,-0.1,-0.01,0.01,-0.1,-0.13,0.01,-0.1,-0.12,0.13,0,-0.13,0.01,0,-0.13,0.01,0,-0.12,0.12,0,-0.12,0.12,0,-0.01,0.13,0,-0.01,2.25,0,0,2.4,0,0,2.4,0.3,0,2.25,0.3,0,2.4,0,0,2.4,0,-0.15,2.4,0.3,-0.15,2.4,0.3,0,2.4,0,-0.15,2.25,0,-0.15,2.25,0.3,-0.15,2.4,0.3,-0.15,2.25,0,-0.15,2.25,0,0,2.25,0.3,0,2.25,0.3,-0.15,2.4,0,0,2.25,0,0,2.25,0,-0.15,2.4,0,-0.15,2.4,0.3,0,2.25,0.3,-0.15,2.25,0.3,0,2.4,0.3,-0.15,0,0,-2.25,0.15,0,-2.25,0.15,0.3,-2.25,0,0.3,-2.25,0.15,0,-2.25,0.15,0,-2.4,0.15,0.3,-2.4,0.15,0.3,-2.25,0.15,0,-2.4,0,0,-2.4,0,0.3,-2.4,0.15,0.3,-2.4,0,0,-2.4,0,0,-2.25,0,0.3,-2.25,0,0.3,-2.4,0.15,0,-2.25,0,0,-2.25,0,0,-2.4,0.15,0,-2.4,0.15,0.3,-2.25,0,0.3,-2.4,0,0.3,-2.25,0.15,0.3,-2.4,2.25,0,-2.25,2.4,0,-2.25,2.4,0.3,-2.25,2.25,0.3,-2.25,2.4,0,-2.25,2.4,0,-2.4,2.4,0.3,-2.4,2.4,0.3,-2.25,2.4,0,-2.4,2.25,0,-2.4,2.25,0.3,-2.4,2.4,0.3,-2.4,2.25,0,-2.4,2.25,0,-2.25,2.25,0.3,-2.25,2.25,0.3,-2.4,2.4,0,-2.25,2.25,0,-2.25,2.25,0,-2.4,2.4,0,-2.4,2.4,0.3,-2.25,2.25,0.3,-2.4,2.25,0.3,-2.25,2.4,0.3,-2.4,0,0,0,0.15,0,0,0.15,0.3,0,0,0.3,0,0.15,0,0,0.15,0,-0.15,0.15,0.3,-0.15,0.15,0.3,0,0.15,0,-0.15,0,0,-0.15,0,0.3,-0.15,0.15,0.3,-0.15,0,0,-0.15,0,0,0,0,0.3,0,0,0.3,-0.15,0.15,0,0,0,0,0,0,0,-0.15,0.15,0,-0.15,0.15,0.3,0,0,0.3,-0.15,0,0.3,0,0.15,0.3,-0.15,2.25,0,-2.4,0.15,0,-2.4,0.15,0.3,-2.4,2.25,0.3,-2.4,0.15,0,-2.4,0.15,0,-2.25,0.15,0.3,-2.25,0.15,0.3,-2.4,0.15,0,-2.25,0,0,-2.25,0,0.3,-2.25,0.15,0.3,-2.25,0,0,-2.25,0,0,-0.15,0,0.3,-0.15,0,0.3,-2.25,0,0,-0.15,0.15,0,-0.15,0.15,0.3,-0.15,0,0.3,-0.15,0.15,0,-0.15,0.15,0,0,0.15,0.3,0,0.15,0.3,-0.15,0.15,0,0,2.25,0,0,2.25,0.3,0,0.15,0.3,0,2.25,0,0,2.25,0,-0.15,2.25,0.3,-0.15,2.25,0.3,0,2.25,0,-0.15,2.4,0,-0.15,2.4,0.3,-0.15,2.25,0.3,-0.15,2.4,0,-0.15,2.4,0,-2.25,2.4,0.3,-2.25,2.4,0.3,-0.15,2.4,0,-2.25,2.25,0,-2.25,2.25,0.3,-2.25,2.4,0.3,-2.25,2.25,0,-2.25,2.25,0,-2.4,2.25,0.3,-2.4,2.25,0.3,-2.25,2.25,0,0,0.15,0,0,0.15,0,-0.15,0.15,0,-2.25,0,0,-0.15,0,0,-2.25,2.25,0,-2.25,0.15,0,-2.4,2.25,0,-0.15,2.4,0,-2.25,2.4,0,-0.15,2.25,0,-2.4,2.25,0.3,0,0.15,0.3,-0.15,0.15,0.3,0,0.15,0.3,-2.25,0,0.3,-0.15,0,0.3,-2.25,2.25,0.3,-2.25,0.15,0.3,-2.4,2.25,0.3,-0.15,2.4,0.3,-2.25,2.4,0.3,-0.15,2.25,0.3,-2.4],
    "normals":[-1,0,0,0,-1,-0,1,0,0,0,1,-0,-0,-0,1,0,0,1,0,0,-1,-1,-0,-0,1,-0,-0,0,-1,-0,0,-0,1,0,-0,1,0,-1,-0,1,-0,-0,0,1,0,0,1,0,0,-0,1,1,0,-0,0,1,0,-1,0,-0,0,-1,-0,-1,0,-0,-0,-0,1,0,1,0,0,-1,-0,0,-0,1,-0,-0,1,0,0,-1,0,-1,0,0,0,-1,0,0,-1,0,-1,-0,0,0,-1,0,1,0,0,1,0,0,0,-1,-0,0,-1,0,0,-1],