{
    "metadata":{
        "morphTargets":0,
        "type":"Geometry",
        "vertices":240,
        "normals":37,
        "faces":96,
        "materials":2,
        "uvs":1,
        "version":3,
        "generator":"io_three"
    },
    "name":"object_4.001Geometry.5",
    "materials":[{
        "DbgColor":15597568,
        "depthWrite":true,
        "transparent":false,
        "DbgName":"Insu",
        "depthTest":true,
        "colorEmissive":[0,0,0],
        "DbgIndex":1,
        "opacity":1,
        "visible":true,
        "shading":"lambert",
        "wireframe":false,
        "blending":"NormalBlending",
        "colorDiffuse":[0.8,0.682263,0.241675]
    },{
        "DbgColor":15658734,
        "colorSpecular":[0.503067,0.503067,0.503067],
        "depthWrite":true,
        "transparent":false,
        "DbgName":"Material",
        "depthTest":true,
        "colorEmissive":[0,0,0],
        "DbgIndex":0,
        "specularCoef":50,
        "opacity":1,
        "visible":true,
        "shading":"phong",
        "wireframe":false,
        "blending":"NormalBlending",
        "colorDiffuse":[1,1,1]
    }],
    "uvs":[[0,0,0.21875,0,0.21875,0.513184,0,0.513184,0.234375,0,0.234375,0.513184,0.25,0,0.25,0.513184,0.46875,0,0.46875,0.513184,0.484375,0,0.484375,0.513184,0.5,0,0.5,0.513184,0.71875,0,0.71875,0.513184,0.734375,0,0.734375,0.513184,0.75,0,0.75,0.513184,0.96875,0,0.96875,0.513184,0.984375,0,0.984375,0.513184,1,0,1,0.513184,0.234375,1,0.015625,1,0.015625,0.969574,0.015625,0.543611,0,0.969574,0,0.543611,0.234375,0.543611,0.015625,0.513185,0.234375,0.969574,0.25,0.969574,0.25,0.543611,0.234375,0.513185,0.25,0.732142,0,0.732142,0.5,0.732142,0.75,0.732142,1,0.732142,0.25,0.732143,0.25,1,0,1,0,0.732143,1,1,0.75,0.732143,1,0.732143,0.75,1,0.21875,0.52,0,0.52,0.234375,0.52,0.25,0.52,0.46875,0.52,0.484375,0.52,0.5,0.52,0.71875,0.52,0.734375,0.52,0.75,0.52,0.96875,0.52,0.984375,0.52,1,0.52,0.015625,0.97,0.015625,0.55,0,0.97,0,0.55,0.234375,0.55,0.015625,0.52,0.234375,0.97,0.25,0.55,0.25,0.97,0.234375,0.52]],
    "morphTargets":[],
    "vertices":[2.25,0,-2.4,0.15,0,-2.4,0.15,0.13,-2.4,2.25,0.13,-2.4,0.15,0,-2.4,0.15,0,-2.25,0.15,0.13,-2.25,0.15,0.13,-2.4,0.15,0,-2.25,0,0,-2.25,0,0.13,-2.25,0.15,0.13,-2.25,0,0,-2.25,0,0,-0.15,0,0.13,-0.15,0,0.13,-2.25,0,0,-0.15,0.15,0,-0.15,0.15,0.13,-0.15,0,0.13,-0.15,0.15,0,-0.15,0.15,0,-0,0.15,0.13,0,0.15,0.13,-0.15,0.15,0,-0,2.25,0,-0,2.25,0.13,0,0.15,0.13,0,2.25,0,-0,2.25,0,-0.15,2.25,0.13,-0.15,2.25,0.13,0,2.25,0,-0.15,2.4,0,-0.15,2.4,0.13,-0.15,2.25,0.13,-0.15,2.4,0,-0.15,2.4,0,-2.25,2.4,0.13,-2.25,2.4,0.13,-0.15,2.4,0,-2.25,2.25,0,-2.25,2.25,0.13,-2.25,2.4,0.13,-2.25,2.25,0,-2.25,2.25,0,-2.4,2.25,0.13,-2.4,2.25,0.13,-2.25,2.25,0,-0,0.15,0,-0,0.15,0,-0.15,0.15,0,-2.25,0,0,-0.15,0,0,-2.25,2.25,0,-2.25,0.15,0,-2.4,2.25,0,-0.15,2.4,0,-0.15,2.4,0,-2.25,2.25,0,-2.4,2.25,0.13,0,0.15,0.13,-0.15,0.15,0.13,0,0.15,0.13,-2.25,0,0.13,-0.15,0,0.13,-2.25,2.25,0.13,-2.25,0.15,0.13,-2.4,2.25,0.13,-0.15,2.4,0.13,-0.15,2.4,0.13,-2.25,2.25,0.13,-2.4,0,0.07,-2.25,0.15,0.07,-2.25,0.15,0.3,-2.25,0,0.3,-2.25,0.15,0.07,-2.25,0.15,0.07,-2.4,0.15,0.3,-2.4,0.15,0.3,-2.25,0.15,0.07,-2.4,0,0.07,-2.4,0,0.3,-2.4,0.15,0.3,-2.4,0,0.07,-2.4,0,0.07,-2.25,0,0.3,-2.25,0,0.3,-2.4,0.15,0.07,-2.25,0,0.07,-2.25,0,0.07,-2.4,0.15,0.07,-2.4,0.15,0.3,-2.25,0,0.3,-2.4,0,0.3,-2.25,0.15,0.3,-2.4,2.25,0.07,0,2.4,0.07,0,2.4,0.3,0,2.25,0.3,0,2.4,0.07,0,2.4,0.07,-0.15,2.4,0.3,-0.15,2.4,0.3,0,2.4,0.07,-0.15,2.25,0.07,-0.15,2.25,0.3,-0.15,2.4,0.3,-0.15,2.25,0.07,-0.15,2.25,0.07,0,2.25,0.3,0,2.25,0.3,-0.15,2.4,0.07,0,2.25,0.07,0,2.25,0.07,-0.15,2.4,0.07,-0.15,2.4,0.3,0,2.25,0.3,-0.15,2.25,0.3,0,2.4,0.3,-0.15,0,0.07,0,0.15,0.07,0,0.15,0.3,0,0,0.3,0,0.15,0.07,0,0.15,0.07,-0.15,0.15,0.3,-0.15,0.15,0.3,0,0.15,0.07,-0.15,0,0.07,-0.15,0,0.3,-0.15,0.15,0.3,-0.15,0,0.07,-0.15,0,0.07,0,0,0.3,0,0,0.3,-0.15,0.15,0.07,0,0,0.07,0,0,0.07,-0.15,0.15,0.07,-0.15,0.15,0.3,0,0,0.3,-0.15,0,0.3,0,0.15,0.3,-0.15,2.25,0.13,-2.4,0.15,0.13,-2.4,0.15,0.3,-2.4,2.25,0.3,-2.4,0.15,0.13,-2.4,0.15,0.13,-2.25,0.15,0.3,-2.25,0.15,0.3,-2.4,0.15,0.13,-2.25,0,0.13,-2.25,0,0.3,-2.25,0.15,0.3,-2.25,0,0.13,-2.25,0,0.13,-0.15,0,0.3,-0.15,0,0.3,-2.25,0,0.13,-0.15,0.15,0.13,-0.15,0.15,0.3,-0.15,0,0.3,-0.15,0.15,0.13,-0.15,0.15,0.13,0,0.15,0.3,0,0.15,0.3,-0.15,0.15,0.13,0,2.25,0.13,0,2.25,0.3,0,0.15,0.3,0,2.25,0.13,0,2.25,0.13,-0.15,2.25,0.3,-0.15,2.25,0.3,0,2.25,0.13,-0.15,2.4,0.13,-0.15,2.4,0.3,-0.15,2.25,0.3,-0.15,2.4,0.13,-0.15,2.4,0.13,-2.25,2.4,0.3,-2.25,2.4,0.3,-0.15,2.4,0.13,-2.25,2.25,0.13,-2.25,2.25,0.3,-2.25,2.4,0.3,-2.25,2.25,0.13,-2.25,2.25,0.13,-2.4,2.25,0.3,-2.4,2.25,0.3,-2.25,2.25,0.13,0,0.15,0.13,0,0.15,0.13,-0.15,0.15,0.13,-2.25,0,0.13,-0.15,0,0.13,-2.25,2.25,0.13,-2.25,0.15,0.13,-2.4,2.25,0.13,-0.15,2.4,0.13,-2.25,2.4,0.13,-0.15,2.25,0.13,-2.4,2.25,0.3,0,0.15,0.3,-0.15,0.15,0.3,0,0.15,0.3,-2.25,0,0.3,-0.15,0,0.3,-2.25,2.25,0.3,-2.25,0.15,0.3,-2.4,2.25,0.3,-0.15,2.4,0.3,-2.25,2.4,0.3,-0.15,2.25,0.3,-2.4,2.25,0.07,-2.25,2.4,0.07,-2.25,2.4,0.3,-2.25,2.25,0.3,-2.25,2.4,0.07,-2.25,2.4,0.07,-2.4,2.4,0.3,-2.4,2.4,0.3,-2.25,2.4,0.07,-2.4,2.25,0.07,-2.4,2.25,0.3,-2.4,2.4,0.3,-2.4,2.25,0.07,-2.4,2.25,0.07,-2.25,2.25,0.3,-2.25,2.25,0.3,-2.4,2.4,0.07,-2.25,2.25,0.07,-2.25,2.25,0.07,-2.4,2.4,0.07,-2.4,2.4,0.3,-2.25,2.25,0.3,-2.4,2.25,0.3,-2.25,2.4,0.3,-2.4],
    "normals":[0,-1,0,-1,0,0,0,-1,0,-1,0,0,0,1,0,0,1,0,1,0,-0,1,0,-0,0,-0,1,-0,-0,1,0,0,-1,0,0,-1,-0,0,-1,0,0,-1,0,1,-0,0,-0,1,-0,-0,1,0,0,-1,0,1,0,0,-1,-0,0,-0,1,-0,-0,1,0,0,-1,0,-0,1,-0,-0,1,0,1,0,0,1,0,0,1,0,0,-0,1,-0,-0,1,0,-0,1,-0,-0,1,0,0,-1,0,0,-1,-0,0,-1,0,0,-1,0,0,-1],