{
    "metadata":{
        "morphTargets":0,
        "type":"Geometry",
        "vertices":120,
        "normals":31,
        "faces":44,
        "materials":2,
        "uvs":1,
        "version":3,
        "generator":"io_three"
    },
    "name":"object_2.004Geometry.10",
    "materials":[{
        "DbgColor":15597568,
        "colorSpecular":[0.503067,0.503067,0.503067],
        "depthWrite":true,
        "transparent":true,
        "DbgName":"Material.004",
        "depthTest":true,
        "colorEmissive":[0,0,0],
        "DbgIndex":1,
        "specularCoef":50,
        "opacity":0.31,
        "visible":true,
        "shading":"phong",
        "wireframe":false,
        "blending":"NormalBlending",
        "colorDiffuse":[0.119276,0.119276,0.119276]
    },{
        "DbgColor":15658734,
        "depthWrite":true,
        "transparent":false,
        "DbgName":"Material.003",
        "depthTest":true,
        "colorEmissive":[0,0,0],
        "DbgIndex":0,
        "opacity":1,
        "visible":true,
        "shading":"lambert",
        "wireframe":false,
        "blending":"NormalBlending",
        "colorDiffuse":[0.603816,0.603816,0.603816]
    }],
    "uvs":[[0,0,0.155747,0,0.155747,0.502295,0,0.502295,0.5,0,0.5,0.502295,0.655747,0,0.655747,0.502295,1,0,1,0.502295,0.344253,0.502296,0.344253,1,0,1,0,0.502296,1,1,0.655747,0.502296,1,0.502296,0.655747,1,0.345324,0.707626,0.345324,0,0.361944,0.010935,0.361944,0.700432,0.672563,0.010935,0.689183,0,0.689183,0.707626,0.672563,0.700432,0.909928,0.707626,0.909928,0,0.981557,0,0.981557,0.707626,0,0.998535,0,0.292374,0.01662,0.303287,0.01662,0.991356,0.343859,0.292374,0.327239,0.303287,0.343859,0.998535,0.327239,0.991356,0.836835,0.707626,0.836835,0,0.908463,0,0.908463,0.707626,0,0.290909,0.343859,0.290909,0.343859,0.219281,0,0.219281,0,0.217816,0,0.146187,0.343859,0.146187,0.343859,0.217816,0.763741,0,0.763741,0.689496,0.83537,0.689496,0.83537,0,0,0.144722,0.311942,0.144722,0.311942,0.073094,0,0.073094,0.690647,0,0.690647,0.689496,0.762276,0.689496,0.762276,0,0,0.071629,0.311942,0.071629,0.311942,0,0.263452,0,0.263452,0.535192,0,0.535192,0.500648,0,0.500648,0.535192,0.652094,0,0.652094,0.535192,0.676038,0,0.676038,0.535192,0.797939,0,0.797939,0.535192,0.854155,0,0.854155,0.535192,0.976056,0,0.976056,0.535192,1,0.535192,0.162654,0.900398,0.198439,1,0.198439,0.535193,0,0.900398,0,0.535193,0.162654,0.634794,0,0.634794]],
    "morphTargets":[],
    "vertices":[1.592,0.038,-0.064,0.508,0.038,-0.064,0.508,0.038,-0.074,1.592,0.038,-0.074,0.508,0.038,-0.064,0.508,2.434,-0.064,0.508,2.434,-0.074,0.508,0.038,-0.074,0.508,2.434,-0.064,1.592,2.434,-0.064,1.592,2.434,-0.074,0.508,2.434,-0.074,1.592,2.434,-0.064,1.592,0.038,-0.064,1.592,0.038,-0.074,1.592,2.434,-0.074,1.592,2.434,-0.064,0.508,2.434,-0.064,0.508,0.038,-0.064,1.592,0.038,-0.064,1.592,2.434,-0.074,0.508,0.038,-0.074,0.508,2.434,-0.074,1.592,0.038,-0.074,0.45,2.459,-0.064,0.45,0,-0.064,0.508,0.038,-0.064,0.508,2.434,-0.064,1.592,0.038,-0.064,1.65,0,-0.064,1.592,2.434,-0.064,1.65,2.459,-0.064,1.65,2.459,-0.064,1.65,0,-0.064,1.65,0,-0.318,1.65,2.459,-0.318,1.65,2.459,-0.318,1.65,0,-0.318,1.592,0.038,-0.318,1.592,2.434,-0.318,0.45,0,-0.318,0.508,0.038,-0.318,0.45,2.459,-0.318,0.508,2.434,-0.318,0.45,2.459,-0.318,0.45,0,-0.318,0.45,0,-0.064,0.45,2.459,-0.064,0.45,0,-0.318,1.65,0,-0.318,1.65,0,-0.064,0.45,0,-0.064,0.45,2.459,-0.318,0.45,2.459,-0.064,1.65,2.459,-0.064,1.65,2.459,-0.318,1.592,2.434,-0.318,1.592,0.038,-0.318,1.592,0.038,-0.064,1.592,2.434,-0.064,0.508,2.434,-0.318,1.592,2.434,-0.318,1.592,2.434,-0.064,0.508,2.434,-0.064,0.508,0.038,-0.318,0.508,2.434,-0.318,0.508,2.434,-0.064,0.508,0.038,-0.064,1.592,0.038,-0.318,0.508,0.038,-0.318,0.508,0.038,-0.064,1.592,0.038,-0.064,0,0,0,0,3,0,0,3,-0.318,0,0,-0.318,0,3,0,2.1,3,0,2.1,3,-0.318,0,3,-0.318,2.1,3,0,2.1,0,0,2.1,0,-0.318,2.1,3,-0.318,2.1,0,0,1.65,0,0,1.65,0,-0.318,2.1,0,-0.318,1.65,0,0,1.65,2.459,0,1.65,2.459,-0.318,1.65,0,-0.318,1.65,2.459,0,0.45,2.459,0,0.45,2.459,-0.318,1.65,2.459,-0.318,0.45,2.459,0,0.45,0,0,0.45,0,-0.318,0.45,2.459,-0.318,0.45,0,0,0,0,0,0,0,-0.318,0.45,0,-0.318,0,0,0,0.45,2.459,0,0,3,0,2.1,3,0,0.45,0,0,2.1,0,0,1.65,2.459,0,1.65,0,0,0,0,-0.318,0,3,-0.318,0.45,2.459,-0.318,2.1,3,-0.318,0.45,0,-0.318,2.1,0,-0.318,1.65,2.459,-0.318,1.65,0,-0.318],
    "normals":[0,0,1,-1,0,-0,0,-0,-1,1,-0,-0,0,1,0,0,-1,-0,-0,1,0,0,1,0,0,1,0,0,1,0,0,-1,-0,0,-1,0,0,-1,-0,-0,-1,-0,-1,-0,-0,0,-0,1,0,0,-1,0,-0,1,1,0,-0,0,0,-1,0,-0,-1,0,-0,1,0,0,1,0,1,0,0,1,0,0,-1,-0,0,-1,-0,0,-1,-0,-0,-1,-0,0,-1,-0,0,-1,-0],
    "faces":[43,0,1,2,3,0,0,1,2,3,0,0,0,0,43,4,5,6,7,0,1,4,5,2,1,1,1,1,43,8,9,10,11,0,4,6,7,5,2,2,2,2,43,12,13,14,15,0,6,8,9,7,3,3,3,3,42,16,17,18,0,10,11,12,4,4,4,42,18,19,16,0,12,13,10,4,4,4,42,20,21,22,0,14,15,16,5,5,5,42,21,20,23,0,15,14,17,5,5,5,43,24,25,26,27,1,18,19,20,21,6,6,6,6,43,28,26,25,29,1,22,20,19,23,7,7,7,7,43,31,24,27,30,1,24,18,21,25,8,8,8,8,43,29,31,30,28,1,23,24,25,22,9,9,9,9,43,32,33,34,35,1,26,27,28,29,3,3,3,3,43,36,37,38,39,1,30,31,32,33,10,10,10,10,43,37,40,41,38,1,31,34,35,32,11,11,11,11,43,42,36,39,43,1,36,30,33,37,12,12,12,12,43,40,42,43,41,1,34,36,37,35,13,13,13,13,43,44,45,46,47,1,38,39,40,41,14,14,14,14,43,48,49,50,51,1,42,43,44,45,15,15,15,15,43,52,53,54,55,1,46,47,48,49,16,16,16,16,43,56,57,58,59,1,50,51,52,53,14,14,14,14,43,60,61,62,63,1,54,55,56,57,17,17,17,17,43,64,65,66,67,1,58,59,60,61,18,18,18,18,43,68,69,70,71,1,62,63,64,0,19,19,19,19,43,72,73,74,75,1,0,65,66,67,1,1,1,1,43,76,77,78,79,1,65,68,69,66,20,20,20,20,43,80,81,82,83,1,68,70,71,69,3,3,3,3,43,84,85,86,87,1,70,72,73,71,21,21,21,21,43,88,89,90,91,1,72,74,75,73,1,1,1,1,43,92,93,94,95,1,74,76,77,75,22,22,22,22,43,96,97,98,99,1,76,78,79,77,3,3,3,3,43,100,101,102,103,1,78,8,80,79,15,15,15,15,42,104,105,106,1,12,81,82,23,23,23,42,107,106,105,1,83,82,81,23,23,23,42,105,104,108,1,81,12,84,23,23,23,42,109,107,110,1,85,83,86,24,24,24,42,105,110,107,1,81,86,83,23,23,23,42,110,111,109,1,86,87,85,23,23,23,42,112,113,114,1,85,83,86,25,25,25,42,115,114,113,1,82,86,83,26,26,26,42,114,116,112,1,86,87,85,27,27,27,42,117,118,115,1,12,81,82,28,28,28,42,114,115,118,1,86,82,81,29,29,29,42,118,117,119,1,81,12,84,30,30,30]
}