{
    "metadata":{
        "morphTargets":4,
        "type":"Geometry",
        "vertices":48,
        "normals":5,
        "faces":20,
        "materials":1,
        "uvs":1,
        "version":3,
        "generator":"io_three"
    },
    "name":"object_1.002Geometry.3",
    "materials":[{
        "DbgColor":15658734,
        "colorSpecular":[0.503067,0.503067,0.503067],
        "depthWrite":true,
        "transparent":false,
        "DbgName":"Material",
        "depthTest":true,
        "colorEmissive":[0,0,0],
        "DbgIndex":0,
        "specularCoef":50,
        "opacity":1,
        "visible":true,
        "shading":"phong",
        "wireframe":false,
        "blending":"NormalBlending",
        "colorDiffuse":[1,1,1]
    }],
    "uvs":[[0,0,0.04982,0,0.04982,1,0,1,0.102754,0,0.102754,1,0.289578,0,0.289578,1,0.476403,0,0.476403,1,0.663227,0,0.663227,1,0.716161,0,0.716161,1,0.765981,0,0.765981,1,0.846938,0,0.846938,1,0.959184,0.076786,1,0.076786,1,0.107143,0.846939,0,0.846939,0.107143,0.959184,0.030357,1,0,1,0.030357]],
    "morphTargets":[{
        "vertices":[0.215,0,-0.08,0.215,0,0,0.215,-0,0,0.215,0,-0.08,0.215,0,0,0.3,0,0,0.3,-0,0,0.215,-0,0,0.3,0,0,0.3,0,-0.3,0.3,0,-0.3,0.3,-0,0,0.3,0,-0.3,0,0,-0.3,0,0,-0.3,0.3,0,-0.3,0,0,-0.3,0,0,0,0,-0,0,0,0,-0.3,0,0,0,0.085,0,0,0.085,-0,0,0,-0,0,0.085,0,0,0.085,0,-0.08,0.085,0,-0.08,0.085,-0,0,0.085,0,-0.08,0.215,0,-0.08,0.215,0,-0.08,0.085,0,-0.08,0.085,0,-0.08,0.085,0,0,0,0,0,0.3,0,-0.3,0,0,-0.3,0.215,0,-0.08,0.3,0,0,0.215,0,0,0.085,0,-0.08,0,-0,0,0.085,-0,0,0.3,0,-0.3,0,0,-0.3,0.215,0,-0.08,0.215,-0,0,0.3,-0,0],
        "name":"animation_000000"
    },{
        "vertices":[0.215,0,-0.08,0.215,0,0,0.215,-0,0,0.215,0,-0.08,0.215,0,0,0.3,0,0,0.3,-0,0,0.215,-0,0,0.3,0,0,0.3,0,-0.3,0.3,0,-0.3,0.3,-0,0,0.3,0,-0.3,0,0,-0.3,0,0,-0.3,0.3,0,-0.3,0,0,-0.3,0,0,0,0,-0,0,0,0,-0.3,0,0,0,0.085,0,0,0.085,-0,0,0,-0,0,0.085,0,0,0.085,0,-0.08,0.085,0,-0.08,0.085,-0,0,0.085,0,-0.08,0.215,0,-0.08,0.215,0,-0.08,0.085,0,-0.08,0.085,0,-0.08,0.085,0,0,0,0,0,0.3,0,-0.3,0,0,-0.3,0.215,0,-0.08,0.3,0,0,0.215,0,0,0.085,0,-0.08,0,-0,0,0.085,-0,0,0.3,0,-0.3,0,0,-0.3,0.215,0,-0.08,0.215,-0,0,0.3,-0,0],
        "name":"animation_000001"
    },{
        "vertices":[0.215,0,-0.08,0.215,0,0,0.215,1,0,0.215,1,-0.08,0.215,0,0,0.3,0,0,0.3,1,0,0.215,1,0,0.3,0,0,0.3,0,-0.3,0.3,1,-0.3,0.3,1,0,0.3,0,-0.3,0,0,-0.3,0,1,-0.3,0.3,1,-0.3,0,0,-0.3,0,0,0,0,1,0,0,1,-0.3,0,0,0,0.085,0,0,0.085,1,0,0,1,0,0.085,0,0,0.085,0,-0.08,0.085,1,-0.08,0.085,1,0,0.085,0,-0.08,0.215,0,-0.08,0.215,1,-0.08,0.085,1,-0.08,0.085,0,-0.08,0.085,0,0,0,0,0,0.3,0,-0.3,0,0,-0.3,0.215,0,-0.08,0.3,0,0,0.215,0,0,0.085,1,-0.08,0,1,0,0.085,1,0,0.3,1,-0.3,0,1,-0.3,0.215,1,-0.08,0.215,1,0,0.3,1,0],
        "name":"animation_000002"
    },{
        "vertices":[0.215,0,-0.08,0.215,0,0,0.215,-0,0,0.215,0,-0.08,0.215,0,0,0.3,0,0,0.3,-0,0,0.215,-0,0,0.3,0,0,0.3,0,-0.3,0.3,0,-0.3,0.3,-0,0,0.3,0,-0.3,0,0,-0.3,0,0,-0.3,0.3,0,-0.3,0,0,-0.3,0,0,0,0,-0,0,0,0,-0.3,0,0,0,0.085,0,0,0.085,-0,0,0,-0,0,0.085,0,0,0.085,0,-0.08,0.085,0,-0.08,0.085,-0,0,0.085,0,-0.08,0.215,0,-0.08,0.215,0,-0.08,0.085,0,-0.08,0.085,0,-0.08,0.085,0,0,0,0,0,0.3,0,-0.3,0,0,-0.3,0.215,0,-0.08,0.3,0,0,0.215,0,0,0.085,0,-0.08,0,-0,0,0.085,-0,0,0.3,0,-0.3,0,0,-0.3,0.215,0,-0.08,0.215,-0,0,0.3,-0,0],
        "name":"animation_000003"
    }],
    "vertices":[0.215,0,-0.08,0.215,0,0,0.215,-0,0,0.215,0,-0.08,0.215,0,0,0.3,0,0,0.3,-0,0,0.215,-0,0,0.3,0,0,0.3,0,-0.3,0.3,0,-0.3,0.3,-0,0,0.3,0,-0.3,0,0,-0.3,0,0,-0.3,0.3,0,-0.3,0,0,-0.3,0,0,0,0,-0,0,0,0,-0.3,0,0,0,0.085,0,0,0.085,-0,0,0,-0,0,0.085,0,0,0.085,0,-0.08,0.085,0,-0.08,0.085,-0,0,0.085,0,-0.08,0.215,0,-0.08,0.215,0,-0.08,0.085,0,-0.08,0.085,0,-0.08,0.085,0,0,0,0,0,0.3,0,-0.3,0,0,-0.3,0.215,0,-0.08,0.3,0,0,0.215,0,0,0.085,0,-0.08,0,-0,0,0.085,-0,0,0.3,0,-0.3,0,0,-0.3,0.215,0,-0.08,0.215,-0,0,0.3,-0,0],
    "normals":[0,0,-0,0,-0,1,0,0,-1,0,-0,1,-0,0,-1],
    "faces":[43,0,1,2,3,0,0,1,2,3,0,0,0,0,43,4,5,6,7,0,1,4,5,2,1,1,1,1,43,8,9,10,11,0,4,6,7,5,0,0,0,0,43,12,13,14,15,0,6,8,9,7,2,2,2,2,43,16,17,18,19,0,8,10,11,9,0,0,0,0,43,20,21,22,23,0,10,12,13,11,3,3,3,3,43,24,25,26,27,0,12,14,15,13,0,0,0,0,43,28,29,30,31,0,14,16,17,15,3,3,3,3,42,32,33,34,0,18,19,20,1,1,1,42,35,32,36,0,21,18,22,1,1,1,42,34,36,32,0,20,22,18,1,1,1,42,37,38,39,0,23,24,25,1,1,1,42,32,35,37,0,18,21,23,1,1,1,42,38,37,35,0,24,23,21,1,1,1,42,40,41,42,0,23,24,25,2,2,2,42,43,44,40,0,22,21,23,4,4,4,42,41,40,44,0,24,23,21,2,2,2,42,45,46,47,0,18,19,20,2,2,2,42,40,45,43,0,23,18,22,2,2,2,42,47,43,45,0,20,22,18,2,2,2]
}