{
    "faces":[43,0,1,2,3,1,0,1,2,3,0,0,0,0,43,4,5,6,7,1,1,4,5,2,1,1,1,1,43,8,9,10,11,1,4,6,7,5,2,2,2,2,43,12,13,14,15,1,6,8,9,7,3,3,3,3,42,16,17,18,1,10,11,12,4,5,4,42,18,19,16,1,12,13,10,4,5,4,42,20,21,22,1,14,15,16,6,6,7,42,21,20,23,1,15,14,17,6,6,7,43,24,25,26,27,0,0,18,19,20,1,0,1,0,43,28,29,30,31,0,18,1,21,19,0,0,0,0,43,32,33,34,35,0,1,22,23,21,0,3,0,3,43,36,37,38,39,0,22,24,25,23,0,0,0,0,43,40,41,42,43,0,24,26,27,25,7,7,7,7,43,44,45,46,47,0,26,6,28,27,8,3,3,3,43,48,49,50,51,0,6,29,30,28,5,5,5,5,43,52,53,54,55,0,29,8,31,30,1,9,1,1,42,56,57,58,0,32,33,11,10,2,11,42,59,58,57,0,34,11,33,12,11,2,42,60,56,61,0,35,32,36,2,10,13,42,58,61,56,0,11,36,32,11,13,10,42,62,63,59,0,37,38,34,14,15,12,42,58,59,63,0,11,34,38,11,12,15,42,61,62,60,0,36,37,35,13,14,2,42,59,60,62,0,34,35,37,12,2,14,42,64,65,66,0,33,36,32,16,17,0,42,67,66,65,0,35,32,36,18,0,17,42,68,69,64,0,34,11,33,0,19,16,42,65,64,69,0,36,33,11,17,16,19,42,70,67,71,0,38,35,37,19,18,20,42,65,71,67,0,36,37,35,17,20,18,42,69,68,70,0,11,34,38,19,0,19,42,67,70,68,0,35,38,34,18,19,0],
    "vertices":[0.025,0.025,0.086423,-0.025,0.025,0.086423,-0.025,-0.025,0.086423,0.025,-0.025,0.086423,-0.025,0.025,0.086423,-0.025,0.025,0.076423,-0.025,-0.025,0.076423,-0.025,-0.025,0.086423,-0.025,0.025,0.076423,0.025,0.025,0.076423,0.025,-0.025,0.076423,-0.025,-0.025,0.076423,0.025,0.025,0.076423,0.025,0.025,0.086423,0.025,-0.025,0.086423,0.025,-0.025,0.076423,-0.025,0.025,0.086423,0.025,0.025,0.086423,0.025,0.025,0.076423,-0.025,0.025,0.076423,-0.025,-0.025,0.086423,0.025,-0.025,0.076423,0.025,-0.025,0.086423,-0.025,-0.025,0.076423,0,-0,0.1,0,-0,0.1,0,-0,0.05,0,-0,0.05,0,-0,0.1,0,-0,0.1,0,-0,0.05,0,-0,0.05,0,-0,0.1,0,-0,0.1,0,-0,0.05,0,-0,0.05,0,-0,0.1,0,-0,0.1,0,-0,0.05,0,-0,0.05,0.025,0.025,0.1,-0.025,0.025,0.1,-0.025,0.025,0.05,0.025,0.025,0.05,-0.025,0.025,0.1,-0.025,-0.025,0.1,-0.025,-0.025,0.05,-0.025,0.025,0.05,-0.025,-0.025,0.1,0.025,-0.025,0.1,0.025,-0.025,0.05,-0.025,-0.025,0.05,0.025,-0.025,0.1,0.025,0.025,0.1,0.025,0.025,0.05,0.025,-0.025,0.05,-0.025,-0.025,0.1,-0.025,0.025,0.1,0,-0,0.1,0.025,0.025,0.1,0.025,-0.025,0.1,0,-0,0.1,0,-0,0.1,0,-0,0.1,-0.025,-0.025,0.05,0,-0,0.05,-0.025,0.025,0.05,0.025,0.025,0.05,0.025,-0.025,0.05,0,-0,0.05,0,-0,0.05,0,-0,0.05],
    "metadata":{
        "faces":32,
        "type":"Geometry",
        "uvs":1,
        "morphTargets":4,
        "normals":21,
        "vertices":72,
        "generator":"io_three",
        "version":3,
        "materials":2
    },
    "normals":[0,0,1,-1,0,0,0,0,-1,1,0,0,0,0.999969,0,0,1,0,0,-0.999969,0,0,-1,0,0.999969,0,0,-0.999969,0,0,0.000244,-0.000244,-0.999969,0.50557,-0.494339,-0.707083,0.000153,-0.000153,-1,0.714988,-0.699088,0,0.714988,-0.699118,0,0.50557,-0.494339,0.707083,-0.000244,0.000244,0.999969,-0.226081,0.221076,0.948668,-0.000153,0.000153,0.999969,-0.319742,0.312632,0.894406,-0.50557,0.494339,0.707083],
    "morphTargets":[{
        "name":"animation_000000",
        "vertices":[0.025,0.025,0.086423,-0.025,0.025,0.086423,-0.025,-0.025,0.086423,0.025,-0.025,0.086423,-0.025,0.025,0.086423,-0.025,0.025,0.076423,-0.025,-0.025,0.076423,-0.025,-0.025,0.086423,-0.025,0.025,0.076423,0.025,0.025,0.076423,0.025,-0.025,0.076423,-0.025,-0.025,0.076423,0.025,0.025,0.076423,0.025,0.025,0.086423,0.025,-0.025,0.086423,0.025,-0.025,0.076423,-0.025,0.025,0.086423,0.025,0.025,0.086423,0.025,0.025,0.076423,-0.025,0.025,0.076423,-0.025,-0.025,0.086423,0.025,-0.025,0.076423,0.025,-0.025,0.086423,-0.025,-0.025,0.076423,0,-0,0.1,0,-0,0.1,0,-0,0.05,0,-0,0.05,0,-0,0.1,0,-0,0.1,0,-0,0.05,0,-0,0.05,0,-0,0.1,0,-0,0.1,0,-0,0.05,0,-0,0.05,0,-0,0.1,0,-0,0.1,0,-0,0.05,0,-0,0.05,0.025,0.025,0.1,-0.025,0.025,0.1,-0.025,0.025,0.05,0.025,0.025,0.05,-0.025,0.025,0.1,-0.025,-0.025,0.1,-0.025,-0.025,0.05,-0.025,0.025,0.05,-0.025,-0.025,0.1,0.025,-0.025,0.1,0.025,-0.025,0.05,-0.025,-0.025,0.05,0.025,-0.025,0.1,0.025,0.025,0.1,0.025,0.025,0.05,0.025,-0.025,0.05,-0.025,-0.025,0.1,-0.025,0.025,0.1,0,-0,0.1,0.025,0.025,0.1,0.025,-0.025,0.1,0,-0,0.1,0,-0,0.1,0,-0,0.1,-0.025,-0.025,0.05,0,-0,0.05,-0.025,0.025,0.05,0.025,0.025,0.05,0.025,-0.025,0.05,0,-0,0.05,0,-0,0.05,0,-0,0.05]
    },{
        "name":"animation_000001",
        "vertices":[0.025,0.025,0.086423,0.975,0.025,0.086423,0.975,-0.025,0.086423,0.025,-0.025,0.086423,0.975,0.025,0.086423,0.975,0.025,0.076423,0.975,-0.025,0.076423,0.975,-0.025,0.086423,0.975,0.025,0.076423,0.025,0.025,0.076423,0.025,-0.025,0.076423,0.975,-0.025,0.076423,0.025,0.025,0.076423,0.025,0.025,0.086423,0.025,-0.025,0.086423,0.025,-0.025,0.076423,0.975,0.025,0.086423,0.025,0.025,0.086423,0.025,0.025,0.076423,0.975,0.025,0.076423,0.975,-0.025,0.086423,0.025,-0.025,0.076423,0.025,-0.025,0.086423,0.975,-0.025,0.076423,0,-0,0.1,0,-0,0.1,0,-0,0.05,0,-0,0.05,0,-0,0.1,1,-0,0.1,1,-0,0.05,0,-0,0.05,1,-0,0.1,1,-0,0.1,1,-0,0.05,1,-0,0.05,1,-0,0.1,0,-0,0.1,0,-0,0.05,1,-0,0.05,0.025,0.025,0.1,0.975,0.025,0.1,0.975,0.025,0.05,0.025,0.025,0.05,0.975,0.025,0.1,0.975,-0.025,0.1,0.975,-0.025,0.05,0.975,0.025,0.05,0.975,-0.025,0.1,0.025,-0.025,0.1,0.025,-0.025,0.05,0.975,-0.025,0.05,0.025,-0.025,0.1,0.025,0.025,0.1,0.025,0.025,0.05,0.025,-0.025,0.05,0.975,-0.025,0.1,0.975,0.025,0.1,1,-0,0.1,0.025,0.025,0.1,0.025,-0.025,0.1,1,-0,0.1,0,-0,0.1,0,-0,0.1,0.975,-0.025,0.05,1,-0,0.05,0.975,0.025,0.05,0.025,0.025,0.05,0.025,-0.025,0.05,1,-0,0.05,0,-0,0.05,0,-0,0.05]
    },{
        "name":"animation_000002",
        "vertices":[0.025,0.025,0.086423,-0.025,0.025,0.086423,-0.025,0.975,0.086423,0.025,0.975,0.086423,-0.025,0.025,0.086423,-0.025,0.025,0.076423,-0.025,0.975,0.076423,-0.025,0.975,0.086423,-0.025,0.025,0.076423,0.025,0.025,0.076423,0.025,0.975,0.076423,-0.025,0.975,0.076423,0.025,0.025,0.076423,0.025,0.025,0.086423,0.025,0.975,0.086423,0.025,0.975,0.076423,-0.025,0.025,0.086423,0.025,0.025,0.086423,0.025,0.025,0.076423,-0.025,0.025,0.076423,-0.025,0.975,0.086423,0.025,0.975,0.076423,0.025,0.975,0.086423,-0.025,0.975,0.076423,0,-0,0.1,0,1,0.1,0,1,0.05,0,-0,0.05,0,1,0.1,0,1,0.1,0,1,0.05,0,1,0.05,0,1,0.1,0,-0,0.1,0,-0,0.05,0,1,0.05,0,-0,0.1,0,-0,0.1,0,-0,0.05,0,-0,0.05,0.025,0.025,0.1,-0.025,0.025,0.1,-0.025,0.025,0.05,0.025,0.025,0.05,-0.025,0.025,0.1,-0.025,0.975,0.1,-0.025,0.975,0.05,-0.025,0.025,0.05,-0.025,0.975,0.1,0.025,0.975,0.1,0.025,0.975,0.05,-0.025,0.975,0.05,0.025,0.975,0.1,0.025,0.025,0.1,0.025,0.025,0.05,0.025,0.975,0.05,-0.025,0.975,0.1,-0.025,0.025,0.1,0,-0,0.1,0.025,0.025,0.1,0.025,0.975,0.1,0,1,0.1,0,1,0.1,0,-0,0.1,-0.025,0.975,0.05,0,-0,0.05,-0.025,0.025,0.05,0.025,0.025,0.05,0.025,0.975,0.05,0,1,0.05,0,1,0.05,0,-0,0.05]
    },{
        "name":"animation_000003",
        "vertices":[0.025,0.025,0.086423,-0.025,0.025,0.086423,-0.025,-0.025,0.086423,0.025,-0.025,0.086423,-0.025,0.025,0.086423,-0.025,0.025,0.076423,-0.025,-0.025,0.076423,-0.025,-0.025,0.086423,-0.025,0.025,0.076423,0.025,0.025,0.076423,0.025,-0.025,0.076423,-0.025,-0.025,0.076423,0.025,0.025,0.076423,0.025,0.025,0.086423,0.025,-0.025,0.086423,0.025,-0.025,0.076423,-0.025,0.025,0.086423,0.025,0.025,0.086423,0.025,0.025,0.076423,-0.025,0.025,0.076423,-0.025,-0.025,0.086423,0.025,-0.025,0.076423,0.025,-0.025,0.086423,-0.025,-0.025,0.076423,0,-0,0.1,0,-0,0.1,0,-0,0.05,0,-0,0.05,0,-0,0.1,0,-0,0.1,0,-0,0.05,0,-0,0.05,0,-0,0.1,0,-0,0.1,0,-0,0.05,0,-0,0.05,0,-0,0.1,0,-0,0.1,0,-0,0.05,0,-0,0.05,0.025,0.025,0.1,-0.025,0.025,0.1,-0.025,0.025,0.05,0.025,0.025,0.05,-0.025,0.025,0.1,-0.025,-0.025,0.1,-0.025,-0.025,0.05,-0.025,0.025,0.05,-0.025,-0.025,0.1,0.025,-0.025,0.1,0.025,-0.025,0.05,-0.025,-0.025,0.05,0.025,-0.025,0.1,0.025,0.025,0.1,0.025,0.025,0.05,0.025,-0.025,0.05,-0.025,-0.025,0.1,-0.025,0.025,0.1,0,-0,0.1,0.025,0.025,0.1,0.025,-0.025,0.1,0,-0,0.1,0,-0,0.1,0,-0,0.1,-0.025,-0.025,0.05,0,-0,0.05,-0.025,0.025,0.05,0.025,0.025,0.05,0.025,-0.025,0.05,0,-0,0.05,0,-0,0.05,0,-0,0.05]
    }],