{
    "faces":[43,12,13,14,15,0,0,1,2,3,0,0,0,0,43,16,17,18,19,0,1,4,5,2,1,1,1,1,43,20,21,22,23,0,4,6,7,5,2,2,2,2,43,24,25,26,27,0,6,8,9,7,3,3,3,3,43,28,29,30,31,0,8,10,11,9,4,4,4,4,43,32,33,34,35,0,10,12,13,11,3,3,3,3,42,9,7,8,0,14,18,19,5,5,5,42,11,6,7,0,16,17,18,6,6,6,42,9,10,7,0,14,15,18,7,7,7,42,10,11,7,0,15,16,18,7,7,7,42,5,3,4,0,18,22,23,8,8,8,42,1,2,3,0,20,21,22,9,9,9,42,5,0,3,0,18,19,22,10,10,10,42,0,1,3,0,19,20,22,11,11,11,43,36,37,38,39,1,0,24,25,26,12,12,12,12,43,40,41,42,43,1,24,27,28,25,5,5,5,5,43,44,45,46,47,1,27,29,30,28,13,13,13,13,43,48,49,50,51,1,29,31,32,30,14,14,14,14,43,52,53,54,55,1,31,33,34,32,5,5,5,5,43,56,57,58,59,1,33,35,36,34,15,15,15,15,43,60,61,62,63,1,35,37,38,36,14,14,14,14,43,64,65,66,67,1,37,12,39,38,16,16,16,16,42,68,69,70,1,40,41,42,17,17,17,42,71,70,69,1,43,42,41,18,18,18,42,72,68,73,1,44,40,20,19,19,19,42,70,73,68,1,42,20,40,20,20,20,42,72,71,74,1,44,43,45,21,21,21,42,69,74,71,1,41,45,43,22,22,22,42,73,75,72,1,20,46,44,23,23,23,42,71,72,75,1,43,44,46,24,24,24,42,76,77,78,1,44,43,45,25,25,25,42,79,78,77,1,42,45,43,26,26,26,42,80,81,76,1,40,46,44,27,27,27,42,77,76,81,1,43,44,46,28,28,28,42,80,82,79,1,40,41,42,29,29,29,42,78,79,82,1,45,42,41,30,30,30,42,81,80,83,1,46,40,20,31,31,31,42,79,83,80,1,42,20,40,32,32,32,43,84,85,86,87,1,47,48,20,49,33,33,33,33,43,88,89,90,91,1,50,51,52,53,34,34,34,34,43,92,93,94,95,1,0,54,55,56,12,12,12,12,43,96,97,98,99,1,54,4,57,55,5,5,5,5,43,100,101,102,103,1,4,58,59,57,13,13,13,13,43,104,105,106,107,1,58,12,60,59,14,14,14,14],
    "metadata":{
        "faces":44,
        "type":"Geometry",
        "vertices":108,
        "morphTargets":0,
        "materials":2,
        "version":3,
        "uvs":1,
        "generator":"io_three",
        "normals":35
    },
    "vertices":[0.364393,0.67,-1.69959,0.364393,0.5,-1.69959,0.364393,0.5,-1.67838,0.364393,0.65,-1.67838,0.364393,0.65,-1.58898,0.364393,0.67,-1.58898,0.385607,0.5,-1.69959,0.385607,0.67,-1.69959,0.385607,0.67,-1.58898,0.385607,0.65,-1.58898,0.385607,0.65,-1.67838,0.385607,0.5,-1.67838,0.364393,0.5,-1.69959,0.364393,0.67,-1.69959,0.385607,0.67,-1.69959,0.385607,0.5,-1.69959,0.364393,0.67,-1.69959,0.364393,0.67,-1.58898,0.385607,0.67,-1.58898,0.385607,0.67,-1.69959,0.364393,0.67,-1.58898,0.364393,0.65,-1.58898,0.385607,0.65,-1.58898,0.385607,0.67,-1.58898,0.364393,0.65,-1.58898,0.364393,0.65,-1.67838,0.385607,0.65,-1.67838,0.385607,0.65,-1.58898,0.364393,0.65,-1.67838,0.364393,0.5,-1.67838,0.385607,0.5,-1.67838,0.385607,0.65,-1.67838,0.364393,0.5,-1.67838,0.364393,0.5,-1.69959,0.385607,0.5,-1.69959,0.385607,0.5,-1.67838,0,0.05,0,0.75,0.05,0,0.75,0.5,0,0,0.5,0,0.75,0.05,0,0.75,0.05,-1.8,0.75,0.5,-1.8,0.75,0.5,0,0.75,0.05,-1.8,0,0.05,-1.8,0,0.5,-1.8,0.75,0.5,-1.8,0,0.05,-1.8,0,0.05,0,0,0.5,0,0,0.5,-1.8,0.05,0.05,-0.05,0.05,0.05,-1.65,0.05,0.5,-1.65,0.05,0.5,-0.05,0.05,0.05,-1.65,0.7,0.05,-1.65,0.7,0.5,-1.65,0.05,0.5,-1.65,0.7,0.05,-1.65,0.7,0.05,-0.05,0.7,0.5,-0.05,0.7,0.5,-1.65,0.7,0.05,-0.05,0.05,0.05,-0.05,0.05,0.5,-0.05,0.7,0.5,-0.05,0.05,0.05,-1.65,0.05,0.05,-0.05,0,0.05,0,0.75,0.05,0,0.7,0.05,-1.65,0,0.05,-1.8,0.7,0.05,-0.05,0.75,0.05,-1.8,0.05,0.5,-1.65,0,0.5,0,0.05,0.5,-0.05,0.75,0.5,0,0.7,0.5,-1.65,0,0.5,-1.8,0.7,0.5,-0.05,0.75,0.5,-1.8,0.75,0,0,0,0,0,0,0,-1.8,0.75,0,-1.8,0,0.05,-1.8,0,0.05,0,0.75,0.05,0,0.75,0.05,-1.8,0,0,0,0.75,0,0,0.75,0.05,0,0,0.05,0,0.75,0,0,0.75,0,-1.8,0.75,0.05,-1.8,0.75,0.05,0,0.75,0,-1.8,0,0,-1.8,0,0.05,-1.8,0.75,0.05,-1.8,0,0,-1.8,0,0,0,0,0.05,0,0,0.05,-1.8],
    "materials":[{
        "colorEmissive":[0,0,0],
        "DbgName":"Material.004",
        "colorSpecular":[0.5,0.5,0.5],
        "visible":true,
        "wireframe":false,
        "depthTest":true,
        "transparent":false,
        "blending":"NormalBlending",
        "colorDiffuse":[0.304987,0.304987,0.304987],
        "DbgIndex":0,
        "shading":"phong",
        "depthWrite":true,
        "opacity":1,
        "specularCoef":50,
        "DbgColor":15658734
    },{
        "colorEmissive":[0,0,0],
        "DbgName":"Material.003",
        "colorSpecular":[0.5,0.5,0.5],
        "visible":true,
        "wireframe":false,
        "depthTest":true,
        "transparent":false,
        "blending":"NormalBlending",
        "colorDiffuse":[1,1,1],
        "DbgIndex":1,
        "shading":"phong",
        "depthWrite":true,
        "opacity":1,
        "specularCoef":50,
        "DbgColor":15597568
    }],
    "uvs":[[0,0,0.302915,0,0.302915,0.543752,0,0.543752,0.5,0,0.5,0.543752,0.535637,0,0.535637,0.543752,0.694923,0,0.694923,0.543752,0.962201,0,0.962201,0.543752,1,0,1,0.543752,0.267278,1,0.267278,0.631256,0,0.631256,0,0.543752,0.302915,0.543752,0.302915,1,0,1,0,0.912496,0.267278,0.912496,0.267278,0.543752,0.078125,0,0.078125,0.615384,0,0.615384,0.265625,0,0.265625,0.615384,0.34375,0,0.34375,0.615384,0.53125,0,0.53125,0.615384,0.697917,0,0.697917,0.615384,0.765625,0,0.765625,0.615384,0.932292,0,0.932292,0.615384,1,0.615384,0.015625,0.974359,0.182292,0.974359,0.1875,1,0.1875,0.615385,0.015625,0.641026,0.182292,0.641026,0,0.615385,0.352941,0.516129,0.352941,1,0,0.516129,0.647059,0.516129,1,0.516129,1,1,0.647059,1,0.147059,0,0.147059,0.516129,0,0.516129,0.5,0.516129,0.647059,0,0.647059,0.516129,1,0.516129]],
    "name":"object_1.003Geometry",
    "morphTargets":[],
    "normals":[0,-1,-1e-06,0,0,-1,0,1,-0,-0,0,1,0,1,1e-06,1,0,-0,1,-0,-0,1,-0,-0,-1,0,-0,-1,-0,-0,-1,0,-0,-1,-0,-0,0,1,0,0,-1,0,-1,0,0,0,1,0,0,-1,-0,0,-0,1,0,-0,1,0,-0,1,-0,-0,1,-0,-0,1,-0,-0,1,-0,-0,1,0,-0,1,0,0,-1,-0,0,-1,0,0,-1,1e-06,0,-1,-0,0,-1,0,-0,-1,0,0,-1,-1e-06,0,-1,0,-0,1,0,0,-1]
}