{
    "faces":[43,12,13,14,15,0,0,1,2,3,0,0,0,0,43,16,17,18,19,0,1,4,5,2,1,1,1,1,43,20,21,22,23,0,4,6,7,5,2,2,2,2,43,24,25,26,27,0,6,8,9,7,3,3,3,3,43,28,29,30,31,0,8,10,11,9,4,4,4,4,43,32,33,34,35,0,10,12,13,11,5,5,5,5,42,10,8,9,0,14,18,19,6,6,6,42,11,6,7,0,15,16,17,7,7,7,42,10,7,8,0,14,17,18,8,8,8,42,10,11,7,0,14,15,17,9,9,9,42,2,0,1,0,20,18,23,10,10,10,42,4,5,0,0,22,17,18,11,11,11,42,2,3,0,0,20,21,18,12,12,12,42,3,4,0,0,21,22,18,12,12,12,43,36,37,38,39,1,0,24,25,26,0,0,0,0,43,40,41,42,43,1,24,27,28,25,13,13,13,13,43,44,45,46,47,1,27,29,30,28,14,14,14,14,43,48,49,50,51,1,29,31,32,30,15,15,15,15,43,52,53,54,55,1,31,33,34,32,16,16,16,16,43,56,57,58,59,1,33,35,36,34,17,17,17,17,43,60,61,62,63,1,35,37,38,36,18,18,18,18,43,64,65,66,67,1,37,12,39,38,19,19,19,19,42,68,69,70,1,40,41,42,20,20,20,42,71,70,69,1,43,42,41,1,1,1,42,72,68,73,1,44,40,23,21,21,21,42,70,73,68,1,42,23,40,22,22,22,42,74,75,71,1,45,46,43,23,23,23,42,70,71,75,1,42,43,46,24,24,24,42,73,74,72,1,23,45,44,25,25,25,42,71,72,74,1,43,44,45,26,26,26,42,76,77,78,1,47,46,48,27,27,27,42,79,78,77,1,49,48,46,28,28,28,42,80,81,76,1,50,45,47,29,29,29,42,77,76,81,1,46,47,45,30,30,30,42,82,79,83,1,23,49,42,31,31,31,42,77,83,79,1,46,42,49,3,3,3,42,81,80,82,1,45,50,23,5,5,5,42,79,82,80,1,49,23,50,32,32,32,43,84,85,86,87,1,51,52,23,53,33,33,33,33,43,88,89,90,91,1,54,55,56,57,34,34,34,34,43,92,93,94,95,1,0,58,59,60,35,35,35,35,43,96,97,98,99,1,58,4,61,59,36,36,36,36,43,100,101,102,103,1,4,62,63,61,37,37,37,37,43,104,105,106,107,1,62,12,64,63,38,38,38,38],
    "metadata":{
        "faces":44,
        "type":"Geometry",
        "vertices":108,
        "morphTargets":0,
        "materials":2,
        "version":3,
        "uvs":1,
        "generator":"io_three",
        "normals":39
    },
    "vertices":[0.069393,1.07,-0.289393,0.069393,0.9,-0.289393,0.090607,0.9,-0.289393,0.090607,1.05,-0.289393,0.18,1.05,-0.289393,0.18,1.07,-0.289393,0.069393,0.9,-0.310606,0.069393,1.07,-0.310606,0.18,1.07,-0.310606,0.18,1.05,-0.310606,0.090607,1.05,-0.310606,0.090607,0.9,-0.310606,0.069393,0.9,-0.289393,0.069393,1.07,-0.289393,0.069393,1.07,-0.310606,0.069393,0.9,-0.310606,0.069393,1.07,-0.289393,0.18,1.07,-0.289393,0.18,1.07,-0.310606,0.069393,1.07,-0.310606,0.18,1.07,-0.289393,0.18,1.05,-0.289393,0.18,1.05,-0.310606,0.18,1.07,-0.310606,0.18,1.05,-0.289393,0.090607,1.05,-0.289393,0.090607,1.05,-0.310606,0.18,1.05,-0.310606,0.090607,1.05,-0.289393,0.090607,0.9,-0.289393,0.090607,0.9,-0.310606,0.090607,1.05,-0.310606,0.090607,0.9,-0.289393,0.069393,0.9,-0.289393,0.069393,0.9,-0.310606,0.090607,0.9,-0.310606,0,0.9,-0.025,0,0.9,-0.575,0,0.72,-0.575,0,0.72,-0.025,0,0.9,-0.575,0.45,0.9,-0.575,0.45,0.72,-0.575,0,0.72,-0.575,0.45,0.9,-0.575,0.45,0.9,-0.025,0.45,0.72,-0.025,0.45,0.72,-0.575,0.45,0.9,-0.025,0,0.9,-0.025,0,0.72,-0.025,0.45,0.72,-0.025,0.1,0.9,-0.055,0.42,0.9,-0.055,0.42,0.72,-0.055,0.1,0.72,-0.055,0.42,0.9,-0.055,0.42,0.9,-0.545,0.42,0.72,-0.545,0.42,0.72,-0.055,0.42,0.9,-0.545,0.1,0.9,-0.545,0.1,0.72,-0.545,0.42,0.72,-0.545,0.1,0.9,-0.545,0.1,0.9,-0.055,0.1,0.72,-0.055,0.1,0.72,-0.545,0.42,0.9,-0.545,0.42,0.9,-0.055,0.45,0.9,-0.025,0.1,0.9,-0.055,0.1,0.9,-0.545,0.45,0.9,-0.575,0,0.9,-0.575,0,0.9,-0.025,0.42,0.72,-0.545,0.45,0.72,-0.025,0.42,0.72,-0.055,0.1,0.72,-0.055,0.1,0.72,-0.545,0.45,0.72,-0.575,0,0.72,-0.575,0,0.72,-0.025,0.45,0.7,-0.025,0,0.7,-0.025,0,0.7,-0.575,0.45,0.7,-0.575,0,0.72,-0.575,0,0.72,-0.025,0.45,0.72,-0.025,0.45,0.72,-0.575,0,0.7,-0.025,0.45,0.7,-0.025,0.45,0.72,-0.025,0,0.72,-0.025,0.45,0.7,-0.025,0.45,0.7,-0.575,0.45,0.72,-0.575,0.45,0.72,-0.025,0.45,0.7,-0.575,0,0.7,-0.575,0,0.72,-0.575,0.45,0.72,-0.575,0,0.7,-0.575,0,0.7,-0.025,0,0.72,-0.025,0,0.72,-0.575],
    "materials":[{
        "colorEmissive":[0,0,0],
        "DbgName":"Material.006",
        "colorSpecular":[0.5,0.5,0.5],
        "visible":true,
        "wireframe":false,
        "depthTest":true,
        "transparent":false,
        "blending":"NormalBlending",
        "colorDiffuse":[0.304987,0.304987,0.304987],
        "DbgIndex":0,
        "shading":"phong",
        "depthWrite":true,
        "opacity":1,
        "specularCoef":50,
        "DbgColor":15658734
    },{
        "colorEmissive":[0,0,0],
        "DbgName":"Material.005",
        "colorSpecular":[0.5,0.5,0.5],
        "visible":true,
        "wireframe":false,
        "depthTest":true,
        "transparent":false,
        "blending":"NormalBlending",
        "colorDiffuse":[1,1,1],
        "DbgIndex":1,
        "shading":"phong",
        "depthWrite":true,
        "opacity":1,
        "specularCoef":50,
        "DbgColor":15597568
    }],
    "uvs":[[0,0,0.302915,0,0.302915,0.543752,0,0.543752,0.5,0,0.5,0.543752,0.535637,0,0.535637,0.543752,0.694923,0,0.694923,0.543752,0.962201,0,0.962201,0.543752,1,0,1,0.543752,0.267278,0.631256,0,0.631256,0,0.543752,0.302915,0.543752,0.302915,1,0.267278,1,0,0.912496,0.267278,0.912496,0.267278,0.543752,0,1,0.151934,0,0.151934,0.583333,0,0.583333,0.276243,0,0.276243,0.583333,0.428177,0,0.428177,0.583333,0.552486,0,0.552486,0.583333,0.640884,0,0.640884,0.583333,0.776243,0,0.776243,0.583333,0.864641,0,0.864641,0.583333,1,0.583333,0.008287,0.972222,0.143646,0.972222,0.151934,1,0.143646,0.675926,0.008287,0.675926,0,0.583334,0.151934,0.583334,0.008287,0.611111,0.143646,0.611111,0.143646,0.907407,0.008287,0.907407,0.275,0.51087,0.275,1,0,0.51087,0.725,0.51087,1,0.51087,1,1,0.725,1,0.225,0,0.225,0.510869,0,0.510869,0.5,0.510869,0.725,0,0.725,0.510869,1,0.510869]],
    "name":"object_1.004Geometry",
    "morphTargets":[],
    "normals":[-1,0,-0,0,-0,-1,1,-0,-0,0,0,1,1,-0,-0,0,0,1,-0,-1,-0,0,-1,-0,-0,-1,0,0,-1,-0,-0,1,-0,-0,1,-0,0,1,-0,0,-1,-0,1,0,0,0,1,0,0,-1,-0,-1,0,-0,0,1,0,1,0,0,-0,0,-1,0,0,-1,0,0,-1,0,0,-1,-0,0,-1,-0,0,-1,-0,0,-1,0,-0,1,-0,0,1,-0,-0,1,-0,-0,1,-0,-0,1,0,-0,1,0,-0,1,0,0,-1,0,1,0,1,0,-0,0,-1,0,-1,0,0]
}