{
    "faces":[43,0,1,2,3,0,0,1,2,3,0,0,0,0,43,4,5,6,7,0,4,5,6,7,1,1,1,1,42,8,4,7,0,8,4,7,2,2,2,43,5,9,10,6,0,5,9,10,6,3,3,3,3,43,9,11,8,10,0,9,11,8,10,4,4,4,4,42,4,8,11,0,4,8,11,5,5,5,43,12,13,14,15,0,12,13,14,15,6,6,6,6,43,16,17,18,19,0,16,17,18,19,7,7,7,7,43,20,21,22,23,0,20,21,22,23,8,8,8,8,43,24,25,26,27,0,24,25,26,27,9,9,9,9,43,28,29,30,31,0,28,29,30,31,10,10,10,10,43,32,33,34,35,0,32,33,34,35,11,11,11,11,43,36,37,38,39,0,36,37,38,39,12,12,12,12,43,40,41,42,43,0,40,41,42,43,13,13,13,13,43,44,45,46,47,0,44,45,46,47,14,14,14,14,43,48,49,50,51,0,48,49,50,51,15,15,15,15,43,52,53,54,55,0,52,53,54,55,16,16,16,16,43,56,57,58,59,0,56,57,58,59,17,17,17,17,43,60,61,62,63,0,60,61,62,63,18,18,18,18,42,64,65,66,0,64,65,66,19,19,19,43,66,65,67,68,0,66,65,67,68,20,20,20,20,42,65,64,69,0,65,64,69,21,21,21,42,70,68,67,0,70,68,67,22,22,22,42,67,71,70,0,67,71,70,23,23,23,42,72,73,74,0,44,72,73,24,24,24,43,73,75,76,74,0,72,74,75,73,25,25,25,25,42,74,77,72,0,73,76,44,26,26,26,42,78,76,75,0,77,75,74,27,27,27,42,76,78,79,0,75,77,78,28,28,28,43,80,81,82,83,0,79,80,81,82,29,29,29,29,43,84,85,86,87,0,83,84,85,86,30,30,30,30,43,88,89,90,91,0,87,88,89,90,31,31,31,31,43,92,93,94,95,0,91,92,93,94,32,32,32,32],
    "normals":[0,0,-0,0,1,-0,0,1,-0,0,1,-0,0,1,-0,0,1,-0,0.254578,-0.186696,-0.94886,-0.086265,0.760949,0.643052,-0.539228,0.790892,0.289348,0.520646,-0.763637,-0.381819,-4e-06,-0,-1,1,4e-06,-4e-06,4e-06,0,1,-1,-4e-06,4e-06,1e-06,-1,-0,-3e-06,0,-1,1,-0,-3e-06,1e-06,0,1,-1,0,3e-06,0,1,-0,-0,-1,0,-0,-1,0,0,1,-0,-0,-1,-0,-0,-1,0,0,1,-0,0,1,-0,-0,-1,0,0,1,-0,0,0,1,-0.764678,0,-0.644412,0,0,-1,0.764679,-0,-0.644411],
    "vertices":[0,-0,-0,-0,0,0,-0,-0,0,0,-0,-0,-0.02,0.02,0,-0.02,-0.02,0,0,-0,-0,-0,-0,0,-0,0,-0,0.02,-0.02,-0,0,0,-0,0.02,0.02,-0,0,0,-0,-0,0,-0,-0,0,0,0,0,0,0,0,0,-0,0,0,-0,0,0,0,-0,-0,-0,0,0,-0,0,-0,-0,-0,0,-0,0,0,0,0,0,0,-0,-0,0,-0,-0,0,0,-0,0.02,0.02,-0.02,-0.02,0.02,-0.02,-0.02,0.02,0,0.02,0.02,-0,0.02,-0.02,-0.02,0.02,0.02,-0.02,0.02,0.02,-0,0.02,-0.02,-0,-0.02,-0.02,-0.02,0.02,-0.02,-0.02,0.02,-0.02,-0,-0.02,-0.02,0,-0.02,0.02,-0.02,-0.02,-0.02,-0.02,-0.02,-0.02,0,-0.02,0.02,0,-0.02,-0.02,-0.02,-0.02,0.02,-0.02,0.02,0.02,-0.02,0.02,-0.02,-0.02,-0.024,0.024,0,-0.024,0.024,0.02,0.024,0.024,0.02,0.024,0.024,-0,0.024,0.024,-0,0.024,0.024,0.02,0.024,-0.024,0.02,0.024,-0.024,-0,0.024,-0.024,-0,0.024,-0.024,0.02,-0.075,-0.024,0.02,-0.075,-0.024,0,-0.024,-0.024,0,-0.024,-0.024,0.02,-0.024,0.024,0.02,-0.024,0.024,0,-0.024,-0.024,0.02,0.058146,-0.044,0.02,-0.024,0.024,0.02,-0.058145,-0.044,0.02,0.024,0.024,0.02,0.075,-0.024,0.02,0.024,-0.024,0.02,-0.075,-0.024,0.02,-0.024,-0.024,0,-0.024,0.024,0,0.058146,-0.044,-0,0.024,0.024,-0,-0.058145,-0.044,0,0.075,-0.024,-0,0.024,-0.024,-0,-0.075,-0.024,0,0.075,-0.024,-0,0.075,-0.024,0.02,-0.024,-0.024,0.02,-0.024,-0.024,0,0.075,-0.024,-0,0.058146,-0.044,-0,0.058146,-0.044,0.02,0.075,-0.024,0.02,0.058146,-0.044,-0,-0.058145,-0.044,0,-0.058145,-0.044,0.02,0.058146,-0.044,0.02,-0.058145,-0.044,0,-0.075,-0.024,0,-0.075,-0.024,0.02,-0.058145,-0.044,0.02],
    "name":"object_2.000Geometry",
    "uvs":[[0,0.494949,0.252525,0.494949,0.252525,0.747475,0,0.747475,0.730888,0.752496,0.48987,0.752496,0.484848,0.747475,0.735909,0.747475,0.735909,0.998535,0.48987,0.993514,0.484848,0.998535,0.730888,0.993514,0.484848,0.494949,0.735909,0.494949,0.735909,0.74601,0.484848,0.74601,0.737374,0.5,0.988434,0.5,0.988434,0.752525,0.737374,0.752525,0.737374,0,0.737374,0.252525,0.988434,0.252525,0.988434,0,0.364963,0.242424,0.617488,0.242424,0.617488,0.493485,0.364963,0.493485,0.364963,0,0.364963,0.240959,0.612437,0.240959,0.612437,0,0.242424,0.9975,0.483384,0.9975,0.483384,0.750026,0.242424,0.750026,0,0.9975,0.240959,0.9975,0.240959,0.750026,0,0.750026,0,0.247475,0,0.489899,0.247475,0.489899,0.247475,0.247475,0,0,0.242424,0,0.242424,0.242424,0,0.242424,0.566258,0,0.575297,0,0.575297,0.5,0.566258,0.5,0.555754,0,0.564793,0,0.564793,0.5,0.555754,0.5,0.534745,0,0.543785,0,0.543785,0.210609,0.534745,0.210609,0.545249,0,0.554289,0,0.554289,0.5,0.545249,0.5,0,0.5,0.010473,0.718818,0.498535,0.5,0.010473,0.779717,0.498535,0.998535,0,0.709992,0,0.998535,0,0.788543,0.498535,0,0.010473,0.218818,0.498535,0.498535,0.010473,0.279717,0,0.209992,0,0.498535,0,0.288543,0.524241,0,0.53328,0,0.53328,0.210609,0.524241,0.210609,0.5,0.010504,0.512272,0.010504,0.512272,0,0.5,0,0.513737,0,0.513737,0.061077,0.522776,0.061077,0.522776,0,0.5,0.510504,0.512272,0.510504,0.512272,0.5,0.5,0.5]],
    "morphTargets":[{
        "vertices":[0,-0,-0,-0,0,0,-0,-0,0,0,-0,-0,-0.02,0.02,0,-0.02,-0.02,0,0,-0,-0,-0,-0,0,-0,0,-0,0.02,-0.02,-0,0,0,-0,0.02,0.02,-0,0,0,-0,-0,0,-0,-0,0,0,0,0,0,0,0,0,-0,0,0,-0,0,0,0,-0,-0,-0,0,0,-0,0,-0,-0,-0,0,-0,0,0,0,0,0,0,-0,-0,0,-0,-0,0,0,-0,0.02,0.02,-0.02,-0.02,0.02,-0.02,-0.02,0.02,0,0.02,0.02,-0,0.02,-0.02,-0.02,0.02,0.02,-0.02,0.02,0.02,-0,0.02,-0.02,-0,-0.02,-0.02,-0.02,0.02,-0.02,-0.02,0.02,-0.02,-0,-0.02,-0.02,0,-0.02,0.02,-0.02,-0.02,-0.02,-0.02,-0.02,-0.02,0,-0.02,0.02,0,-0.02,-0.02,-0.02,-0.02,0.02,-0.02,0.02,0.02,-0.02,0.02,-0.02,-0.02,-0.024,0.024,0,-0.024,0.024,0.02,0.024,0.024,0.02,0.024,0.024,-0,0.024,0.024,-0,0.024,0.024,0.02,0.024,-0.024,0.02,0.024,-0.024,-0,0.024,-0.024,-0,0.024,-0.024,0.02,-0.075,-0.024,0.02,-0.075,-0.024,0,-0.024,-0.024,0,-0.024,-0.024,0.02,-0.024,0.024,0.02,-0.024,0.024,0,-0.024,-0.024,0.02,0.058146,-0.044,0.02,-0.024,0.024,0.02,-0.058145,-0.044,0.02,0.024,0.024,0.02,0.075,-0.024,0.02,0.024,-0.024,0.02,-0.075,-0.024,0.02,-0.024,-0.024,0,-0.024,0.024,0,0.058146,-0.044,-0,0.024,0.024,-0,-0.058145,-0.044,0,0.075,-0.024,-0,0.024,-0.024,-0,-0.075,-0.024,0,0.075,-0.024,-0,0.075,-0.024,0.02,-0.024,-0.024,0.02,-0.024,-0.024,0,0.075,-0.024,-0,0.058146,-0.044,-0,0.058146,-0.044,0.02,0.075,-0.024,0.02,0.058146,-0.044,-0,-0.058145,-0.044,0,-0.058145,-0.044,0.02,0.058146,-0.044,0.02,-0.058145,-0.044,0,-0.075,-0.024,0,-0.075,-0.024,0.02,-0.058145,-0.044,0.02],
        "name":"animation_000000"
    },{
        "vertices":[0,-0,-0,-0,0,0,-0,-0,0,0,-0,-0,-0.02,0.02,0,-0.02,-0.02,0,0,-0,-0,-0,-0,0,-1,0,-0,-0.98,-0.02,-0,-1,0,-0,-0.98,0.02,-0,-1,0,-0,-1,0,-0,-1,0,0,-1,0,0,-1,0,0,-1,0,0,-0,0,0,0,-0,-0,-1,0,0,-1,0,-0,-0,-0,0,-0,0,0,-1,0,0,0,-0,-0,0,-0,-0,-1,0,-0,-0.98,0.02,-0.02,-0.02,0.02,-0.02,-0.02,0.02,0,-0.98,0.02,-0,-0.98,-0.02,-0.02,-0.98,0.02,-0.02,-0.98,0.02,-0,-0.98,-0.02,-0,-0.02,-0.02,-0.02,-0.98,-0.02,-0.02,-0.98,-0.02,-0,-0.02,-0.02,0,-0.02,0.02,-0.02,-0.02,-0.02,-0.02,-0.02,-0.02,0,-0.02,0.02,0,-0.02,-0.02,-0.02,-0.02,0.02,-0.02,-0.98,0.02,-0.02,-0.98,-0.02,-0.02,-0.024,0.024,0,-0.024,0.024,0.02,-0.976,0.024,0.02,-0.976,0.024,-0,-0.976,0.024,-0,-0.976,0.024,0.02,-0.976,-0.024,0.02,-0.976,-0.024,-0,-0.976,-0.024,-0,-0.976,-0.024,0.02,-0.575,-0.024,0.02,-0.575,-0.024,-0,-0.024,-0.024,0,-0.024,-0.024,0.02,-0.024,0.024,0.02,-0.024,0.024,0,-0.024,-0.024,0.02,-0.441854,-0.044,0.02,-0.024,0.024,0.02,-0.558145,-0.044,0.02,-0.976,0.024,0.02,-0.425,-0.024,0.02,-0.976,-0.024,0.02,-0.575,-0.024,0.02,-0.024,-0.024,0,-0.024,0.024,0,-0.441854,-0.044,-0,-0.976,0.024,-0,-0.558145,-0.044,-0,-0.425,-0.024,-0,-0.976,-0.024,-0,-0.575,-0.024,-0,-0.425,-0.024,-0,-0.425,-0.024,0.02,-0.024,-0.024,0.02,-0.024,-0.024,0,-0.425,-0.024,-0,-0.441854,-0.044,-0,-0.441854,-0.044,0.02,-0.425,-0.024,0.02,-0.441854,-0.044,-0,-0.558145,-0.044,-0,-0.558145,-0.044,0.02,-0.441854,-0.044,0.02,-0.558145,-0.044,-0,-0.575,-0.024,-0,-0.575,-0.024,0.02,-0.558145,-0.044,0.02],