{
    "faces":[43,0,1,2,3,0,0,1,2,3,0,0,0,0,43,4,5,6,7,0,4,5,6,7,0,0,0,0,43,8,9,10,11,0,8,9,10,11,1,1,1,1,43,12,13,14,15,0,12,13,14,15,2,2,2,2,43,16,17,18,19,0,16,17,18,19,3,3,3,3,43,20,21,22,23,0,20,21,22,23,4,4,4,4,43,24,25,26,27,0,24,25,26,27,5,5,5,5,42,28,29,30,0,28,29,30,6,6,6,42,31,28,32,0,31,28,32,7,7,7,42,30,32,28,0,30,32,28,8,8,8,42,31,33,34,0,31,33,34,6,6,6,42,32,35,31,0,32,35,31,9,9,9,42,33,31,35,0,33,31,35,10,10,10,43,36,37,38,39,0,36,37,38,39,11,11,11,11,42,40,41,42,0,40,41,42,12,12,12,42,43,42,41,0,43,42,41,13,13,13,42,44,45,40,0,44,45,40,14,14,14,42,41,40,45,0,41,40,45,0,0,0,42,42,43,46,0,42,43,46,15,15,15,42,40,47,44,0,40,47,44,16,16,16,43,48,49,50,51,0,48,49,50,51,17,17,17,17,42,52,50,49,0,52,50,49,0,0,0,43,53,54,55,56,0,53,54,55,56,18,18,18,18,42,52,57,50,0,52,57,50,19,19,19,43,58,57,52,59,0,58,57,52,59,20,20,20,20,43,56,58,59,53,0,56,58,59,53,21,21,21,21,43,60,61,62,63,0,60,61,62,63,22,22,22,22,43,64,65,66,67,0,36,64,65,66,23,23,23,23,43,68,69,70,71,0,67,68,69,70,24,24,24,24,43,72,73,74,75,0,30,71,72,73,25,25,25,25,43,76,77,78,79,0,71,74,75,72,6,6,6,6,43,80,81,82,83,0,74,76,77,75,26,26,26,26,43,84,85,86,87,0,76,78,79,77,27,27,27,27,42,88,89,90,0,80,81,82,28,28,28,42,90,91,88,0,82,83,80,28,28,28,42,92,93,94,0,84,85,86,29,29,29,42,93,92,95,0,85,84,87,29,29,29],
    "normals":[0,0,-0,0,0,1,-0,-0,-1,0,0,-1,1,4e-06,-0,0,-0,1,1,-0,-0,1,2e-06,-0,-1,-4e-06,1e-06,-1,-2e-06,-0,-1,-4e-06,-1e-06,1e-06,-1,-0,-1,-4e-06,0,0,0.945624,-0.325261,0,0.945624,0.325261,-1,0,-0,-1,0,-0,0,1,-0,0,1,-0,0,1,-0,0,1,-0,0,1,-0,0,-0.644413,-0.764677,0,-1,0,-0,-0.644413,0.764678,0,-0,-1,0,0,1,-1,0,-0,0,1,-0,-0,-1,0],
    "vertices":[-0,0,0,-0,0,0,0,0,0,0,0,0,0,0,0,0,0,0,0,0,0,0,0,0,0,0,0,-0,0,0,-0,0,0,0,0,0,0,0,0,0,0,0,-0,0,0,-0,0,0,0.02,0.02,-0.02,-0.02,0.02,-0.02,-0.02,0.02,0,0.02,0.02,-0,0.02,-0.02,-0.02,0.02,0.02,-0.02,0.02,0.02,-0,0.02,-0.02,0,-0.02,-0.02,-0.02,0.02,-0.02,-0.02,0.02,-0.02,0,-0.02,-0.02,0,-0.02,-0.058145,0.02,-0.02,-0.075,0,-0.02,0.02,0,-0.02,0.058146,0.02,-0.02,0.02,-0.02,-0.02,-0.02,0,-0.02,0.075,-0,-0.02,-0.02,-0.02,-0.02,-0.02,-0.02,-0.02,0.02,-0.02,0.02,0.02,-0.02,0.02,-0.02,-0.02,-0,0.058146,0.02,0,0,0,-0,-0.058145,0.02,-0,0,0,-0,0,0,0,0,0,-0,-0.075,0,-0,0.075,-0,-0,-0.075,0,-0,0,0,-0.02,0.02,0,-0.02,-0.075,0,-0,0,0,-0,0,0,-0,0.075,-0,-0.02,0.075,-0,-0.02,-0.02,0,0.02,0.02,-0,0.02,-0.02,0,-0,0,0,-0.02,-0.075,0,-0.02,-0.058145,0.02,-0,-0.058145,0.02,-0,-0.075,0,-0.02,-0.058145,0.02,-0.02,0.058146,0.02,-0,0.058146,0.02,-0,-0.058145,0.02,-0.02,0.058146,0.02,-0.02,0.075,-0,-0,0.075,-0,-0,0.058146,0.02,-0.024,0.024,0.02,0.024,0.024,0.02,0.024,0.024,-0,-0.024,0.024,0,0.024,0.024,0.02,0.024,-0.024,0.02,0.024,-0.024,0,0.024,0.024,-0,0.024,-0.024,0.02,-0.024,-0.024,0.02,-0.024,-0.024,0,0.024,-0.024,0,-0.024,-0.024,0.02,-0.024,0.024,0.02,-0.024,0.024,0,-0.024,-0.024,0,0.024,0.024,0.02,-0.024,0.024,0.02,-0.024,-0.024,0.02,0.024,-0.024,0.02,0.024,0.024,-0,-0.024,-0.024,0,-0.024,0.024,0,0.024,-0.024,0],
    "name":"drawerGeometry.5",
    "uvs":[[0,0.5,0.252525,0.5,0.252525,0.75106,0,0.75106,0.484848,0.747475,0.735909,0.747475,0.735909,0.998535,0.484848,0.998535,0.368687,0.498535,0.621212,0.498535,0.621212,0.247475,0.368687,0.247475,0,0.498535,0,0.247475,0.252525,0.247475,0.252525,0.498535,0.242424,0.998535,0.483384,0.998535,0.483384,0.752525,0.242424,0.752525,0,0.998535,0.240959,0.998535,0.240959,0.752525,0,0.752525,0.368687,0.24601,0.611111,0.24601,0.611111,0,0.368687,0,0.106529,0.005021,0.102273,0,0,0,0.135895,0.005021,0,0.24601,0.242424,0,0.140152,0,0.242424,0.24601,0.491546,0.50505,0.73397,0.50505,0.73397,0.74601,0.491546,0.74601,0.848306,0.747475,0.988434,0.5,0.877502,0.747475,0.988434,0.752525,0.737374,0.752525,0.737374,0.5,0.881733,0.752525,0.844074,0.752525,0.881733,0,0.988434,0,0.983413,0.005051,0.881733,0.005051,0.988434,0.252525,0.737374,0,0.844074,0,0.844074,0.005051,0.742395,0.005051,0.983413,0.247475,0.742395,0.247475,0.737374,0.252525,0.484848,0.50505,0.491453,0.50505,0.491453,0.5,0.484848,0.5,0.520912,0.50505,0.520912,0.5,0.491546,0.5,0.484848,0.628788,0.491453,0.628788,0.491453,0.623737,0.484848,0.623737,0.25,0,0.25,0.505197,0,0.505197,0.5,0,0.5,0.505197,0.75,0,0.75,0.505197,1,0,1,0.505197,0.25,1,0,1,0,0.505198,0.25,0.505198,1,0.505198,0.75,1,0.75,0.505198,1,1]],
    "morphTargets":[{
        "vertices":[-0,0,0,-0,0,0,0,0,0,0,0,0,0,0,0,0,0,0,0,0,0,0,0,0,0,0,0,-0,0,0,-0,0,0,0,0,0,0,0,0,0,0,0,-0,0,0,-0,0,0,0.02,0.02,-0.02,-0.02,0.02,-0.02,-0.02,0.02,0,0.02,0.02,-0,0.02,-0.02,-0.02,0.02,0.02,-0.02,0.02,0.02,-0,0.02,-0.02,0,-0.02,-0.02,-0.02,0.02,-0.02,-0.02,0.02,-0.02,0,-0.02,-0.02,0,-0.02,-0.058145,0.02,-0.02,-0.075,0,-0.02,0.02,0,-0.02,0.058146,0.02,-0.02,0.02,-0.02,-0.02,-0.02,0,-0.02,0.075,-0,-0.02,-0.02,-0.02,-0.02,-0.02,-0.02,-0.02,0.02,-0.02,0.02,0.02,-0.02,0.02,-0.02,-0.02,-0,0.058146,0.02,0,0,0,-0,-0.058145,0.02,-0,0,0,-0,0,0,0,0,0,-0,-0.075,0,-0,0.075,-0,-0,-0.075,0,-0,0,0,-0.02,0.02,0,-0.02,-0.075,0,-0,0,0,-0,0,0,-0,0.075,-0,-0.02,0.075,-0,-0.02,-0.02,0,0.02,0.02,-0,0.02,-0.02,0,-0,0,0,-0.02,-0.075,0,-0.02,-0.058145,0.02,-0,-0.058145,0.02,-0,-0.075,0,-0.02,-0.058145,0.02,-0.02,0.058146,0.02,-0,0.058146,0.02,-0,-0.058145,0.02,-0.02,0.058146,0.02,-0.02,0.075,-0,-0,0.075,-0,-0,0.058146,0.02,-0.024,0.024,0.02,0.024,0.024,0.02,0.024,0.024,-0,-0.024,0.024,0,0.024,0.024,0.02,0.024,-0.024,0.02,0.024,-0.024,0,0.024,0.024,-0,0.024,-0.024,0.02,-0.024,-0.024,0.02,-0.024,-0.024,0,0.024,-0.024,0,-0.024,-0.024,0.02,-0.024,0.024,0.02,-0.024,0.024,0,-0.024,-0.024,0,0.024,0.024,0.02,-0.024,0.024,0.02,-0.024,-0.024,0.02,0.024,-0.024,0.02,0.024,0.024,-0,-0.024,-0.024,0,-0.024,0.024,0,0.024,-0.024,0],
        "name":"animation_000000"
    },{
        "vertices":[-1,0,0,-1,0,0,-1,0,0,-1,0,0,-1,0,0,-1,0,0,0,0,0,0,0,0,-1,0,0,-1,0,0,-0,0,0,0,0,0,-1,0,0,0,0,0,-0,0,0,-1,0,0,-0.98,0.02,-0.02,-0.02,0.02,-0.02,-0.02,0.02,0,-0.98,0.02,0,-0.98,-0.02,-0.02,-0.98,0.02,-0.02,-0.98,0.02,0,-0.98,-0.02,0,-0.02,-0.02,-0.02,-0.98,-0.02,-0.02,-0.98,-0.02,0,-0.02,-0.02,0,-0.02,-0.058145,0.02,-0.02,-0.075,0,-0.02,0.02,0,-0.02,0.058146,0.02,-0.02,0.02,-0.02,-0.02,-0.02,0,-0.02,0.075,-0,-0.02,-0.02,-0.02,-0.02,-0.02,-0.02,-0.02,0.02,-0.02,-0.98,0.02,-0.02,-0.98,-0.02,-0.02,-0,0.058146,0.02,0,0,0,-0,-0.058145,0.02,-0,0,0,-0,0,0,0,0,0,-0,-0.075,0,-0,0.075,-0,-0,-0.075,0,-0,0,0,-0.02,0.02,0,-0.02,-0.075,0,-1,0,0,-0,0,0,-0,0.075,-0,-0.02,0.075,-0,-0.02,-0.02,0,-0.98,0.02,0,-0.98,-0.02,0,-1,0,0,-0.02,-0.075,0,-0.02,-0.058145,0.02,-0,-0.058145,0.02,-0,-0.075,0,-0.02,-0.058145,0.02,-0.02,0.058146,0.02,-0,0.058146,0.02,-0,-0.058145,0.02,-0.02,0.058146,0.02,-0.02,0.075,-0,-0,0.075,-0,-0,0.058146,0.02,-0.024,0.024,0.02,-0.976,0.024,0.02,-0.976,0.024,0,-0.024,0.024,0,-0.976,0.024,0.02,-0.976,-0.024,0.02,-0.976,-0.024,0,-0.976,0.024,0,-0.976,-0.024,0.02,-0.024,-0.024,0.02,-0.024,-0.024,0,-0.976,-0.024,0,-0.024,-0.024,0.02,-0.024,0.024,0.02,-0.024,0.024,0,-0.024,-0.024,0,-0.976,0.024,0.02,-0.024,0.024,0.02,-0.024,-0.024,0.02,-0.976,-0.024,0.02,-0.976,0.024,0,-0.024,-0.024,0,-0.024,0.024,0,-0.976,-0.024,0],