{
    "vertices":[0,-0,-0,0,0,0,-0,0,0,0,-0,-0,-0.02,0.02,0,-0.02,-0.02,0,0,-0,-0,-0,0,0,-0,0,0,0.02,-0.02,0,0,0,0,0.02,0.02,0,0,0,0,-0,0,0,0,0,0,0,0,0,0,0,0,0,0,0,0,0,0,0,-0,-0,0,0,0,-0,0,0,-0,0,0,0,0,0,0,0,0,0,-0,-0,0,-0,-0,0,0,0,0.02,0.02,-0.02,-0.02,0.02,-0.02,-0.02,0.02,0,0.02,0.02,0,0.02,-0.02,-0.02,0.02,0.02,-0.02,0.02,0.02,0,0.02,-0.02,0,-0.02,-0.02,-0.02,0.02,-0.02,-0.02,0.02,-0.02,0,-0.02,-0.02,0,-0.02,0.02,-0.02,-0.02,-0.02,-0.02,-0.02,-0.02,0,-0.02,0.02,0,-0.02,-0.02,-0.02,-0.02,0.02,-0.02,0.02,0.02,-0.02,0.02,-0.02,-0.02],
    "uvs":[[0,0.494949,0.252525,0.494949,0.252525,0.747475,0,0.747475,0.730888,0.752496,0.48987,0.752496,0.484848,0.747475,0.735909,0.747475,0.735909,0.998535,0.48987,0.993514,0.484848,0.998535,0.730888,0.993514,0.484848,0.494949,0.735909,0.494949,0.735909,0.74601,0.484848,0.74601,0.737374,0.5,0.988434,0.5,0.988434,0.752525,0.737374,0.752525,0.737374,0,0.737374,0.252525,0.988434,0.252525,0.988434,0,0.364963,0.242424,0.617488,0.242424,0.617488,0.493485,0.364963,0.493485,0.364963,0,0.364963,0.240959,0.612437,0.240959,0.612437,0,0.242424,0.9975,0.483384,0.9975,0.483384,0.750026,0.242424,0.750026,0,0.9975,0.240959,0.9975,0.240959,0.750026,0,0.750026,0,0.247475,0,0.489899,0.247475,0.489899,0.247475,0.247475,0,0,0.242424,0,0.242424,0.242424,0,0.242424]],
    "normals":[0,0,-0,0,1,-0,-0.32484,0.888233,0.32484,-3e-06,1,-0,0,1,-0,-1e-06,1,-2e-06,0.200934,-0.631465,-0.748917,-0.070491,0.847889,0.525466,-0.14352,0.902067,0.407034,0.134197,-0.843468,-0.520148,-4e-06,-0,-1,1,4e-06,-4e-06,4e-06,0,1,-1,-4e-06,4e-06,2e-06,-1,-0],
    "name":"object_2.005Geometry",
    "faces":[43,0,1,2,3,0,0,1,2,3,0,0,0,0,43,4,5,6,7,0,4,5,6,7,1,1,1,1,42,8,4,7,0,8,4,7,2,2,2,43,5,9,10,6,0,5,9,10,6,3,3,3,3,43,9,11,8,10,0,9,11,8,10,4,4,4,4,42,4,8,11,0,4,8,11,5,5,5,43,12,13,14,15,0,12,13,14,15,6,6,6,6,43,16,17,18,19,0,16,17,18,19,7,7,7,7,43,20,21,22,23,0,20,21,22,23,8,8,8,8,43,24,25,26,27,0,24,25,26,27,9,9,9,9,43,28,29,30,31,0,28,29,30,31,10,10,10,10,43,32,33,34,35,0,32,33,34,35,11,11,11,11,43,36,37,38,39,0,36,37,38,39,12,12,12,12,43,40,41,42,43,0,40,41,42,43,13,13,13,13,43,44,45,46,47,0,44,45,46,47,14,14,14,14],
    "metadata":{
        "uvs":1,
        "generator":"io_three",
        "normals":15,
        "faces":15,
        "materials":1,
        "vertices":48,
        "type":"Geometry",
        "version":3,
        "morphTargets":4
    },
    "materials":[{
        "opacity":1,
        "DbgName":"Material.001",
        "colorDiffuse":[0.8,0.8,0.8],
        "visible":true,
        "depthTest":true,
        "shading":"phong",
        "DbgIndex":0,
        "DbgColor":15658734,
        "depthWrite":true,
        "colorSpecular":[0.5,0.5,0.5],
        "specularCoef":50,
        "colorEmissive":[0,0,0],
        "wireframe":false,
        "transparent":false,
        "blending":"NormalBlending"
    }],
    "morphTargets":[{
        "vertices":[0,-0,-0,0,0,0,-0,0,0,0,-0,-0,-0.02,0.02,0,-0.02,-0.02,0,0,-0,-0,-0,0,0,-0,0,0,0.02,-0.02,0,0,0,0,0.02,0.02,0,0,0,0,-0,0,0,0,0,0,0,0,0,0,0,0,0,0,0,0,0,0,0,-0,-0,0,0,0,-0,0,0,-0,0,0,0,0,0,0,0,0,0,-0,-0,0,-0,-0,0,0,0,0.02,0.02,-0.02,-0.02,0.02,-0.02,-0.02,0.02,0,0.02,0.02,0,0.02,-0.02,-0.02,0.02,0.02,-0.02,0.02,0.02,0,0.02,-0.02,0,-0.02,-0.02,-0.02,0.02,-0.02,-0.02,0.02,-0.02,0,-0.02,-0.02,0,-0.02,0.02,-0.02,-0.02,-0.02,-0.02,-0.02,-0.02,0,-0.02,0.02,0,-0.02,-0.02,-0.02,-0.02,0.02,-0.02,0.02,0.02,-0.02,0.02,-0.02,-0.02],
        "name":"animation_000000"
    },{
        "vertices":[0,-0,-0,0,0,0,-0,0,0,0,-0,-0,-0.02,0.02,0,-0.02,-0.02,0,0,-0,-0,-0,0,0,-1,0,0,-0.98,-0.02,0,-1,0,0,-0.98,0.02,0,-1,0,0,-1,0,0,-1,0,0,-1,0,0,-1,0,0,-1,0,0,0,0,0,0,-0,-0,-1,0,0,-1,0,0,-0,0,0,0,0,0,-1,0,0,0,-0,-0,0,-0,-0,-1,0,0,-0.98,0.02,-0.02,-0.02,0.02,-0.02,-0.02,0.02,0,-0.98,0.02,0,-0.98,-0.02,-0.02,-0.98,0.02,-0.02,-0.98,0.02,0,-0.98,-0.02,0,-0.02,-0.02,-0.02,-0.98,-0.02,-0.02,-0.98,-0.02,0,-0.02,-0.02,0,-0.02,0.02,-0.02,-0.02,-0.02,-0.02,-0.02,-0.02,0,-0.02,0.02,0,-0.02,-0.02,-0.02,-0.02,0.02,-0.02,-0.98,0.02,-0.02,-0.98,-0.02,-0.02],
        "name":"animation_000001"
    },{
        "vertices":[0,1,-0,0,0,0,-0,0,0,0,1,-0,-0.02,0.02,0,-0.02,0.98,-0,0,1,-0,-0,0,0,-0,0,0,0.02,0.98,0,0,1,0,0.02,0.02,0,0,1,0,-0,0,0,0,0,0,0,1,0,0,1,0,0,0,0,0,0,0,0,1,-0,0,0,0,-0,0,0,-0,0,0,0,0,0,0,1,0,0,1,-0,0,1,-0,0,1,0,0.02,0.02,-0.02,-0.02,0.02,-0.02,-0.02,0.02,0,0.02,0.02,0,0.02,0.98,-0.02,0.02,0.02,-0.02,0.02,0.02,0,0.02,0.98,0,-0.02,0.98,-0.02,0.02,0.98,-0.02,0.02,0.98,0,-0.02,0.98,-0,-0.02,0.02,-0.02,-0.02,0.98,-0.02,-0.02,0.98,-0,-0.02,0.02,0,-0.02,0.98,-0.02,-0.02,0.02,-0.02,0.02,0.02,-0.02,0.02,0.98,-0.02],
        "name":"animation_000002"
    },{
        "vertices":[0,0,1,0,0,1,-0,0,0,0,-0,-0,-0.02,0.02,0,-0.02,-0.02,0,0,-0,-0,-0,0,0,-0,0,0,0.02,-0.02,0,0,0,0,0.02,0.02,0,0,0,0,-0,0,0,0,0,1,0,0,1,0,0,1,0,0,1,0,0,1,0,0,1,0,0,1,-0,0,0,-0,0,0,0,0,1,0,0,1,0,0,1,0,-0,-0,0,0,0,0.02,0.02,0.98,-0.02,0.02,0.98,-0.02,0.02,0,0.02,0.02,0,0.02,-0.02,0.98,0.02,0.02,0.98,0.02,0.02,0,0.02,-0.02,0,-0.02,-0.02,0.98,0.02,-0.02,0.98,0.02,-0.02,0,-0.02,-0.02,0,-0.02,0.02,0.98,-0.02,-0.02,0.98,-0.02,-0.02,0,-0.02,0.02,0,-0.02,-0.02,0.98,-0.02,0.02,0.98,0.02,0.02,0.98,0.02,-0.02,0.98],
        "name":"animation_000003"
    }]
}