{
    "vertices":[0.039257,0,-0.063137,0.818682,0,-0.426589,0.818681,-0.028129,-0.426589,0.039257,-0.028129,-0.063137,0.818682,0,-0.426589,0.797551,0,-0.471904,0.79755,-0.028129,-0.471904,0.818681,-0.028129,-0.426589,0.797551,0,-0.471904,0.018126,-0,-0.108452,0.018126,-0.028129,-0.108452,0.79755,-0.028129,-0.471904,0.018126,-0,-0.108452,0.039257,0,-0.063137,0.039257,-0.028129,-0.063137,0.018126,-0.028129,-0.108452,0.818682,0,-0.426589,0.039257,0,-0.063137,0.018126,-0,-0.108452,0.797551,0,-0.471904,0.818681,-0.028129,-0.426589,0.018126,-0.028129,-0.108452,0.039257,-0.028129,-0.063137,0.79755,-0.028129,-0.471904,0.871871,0,-0.15,0.871871,0,0,0.871871,-0.028129,0,0.871871,-0.028129,-0.15,0.871871,0,0,0.9,0,0,0.9,-0.028129,0,0.871871,-0.028129,0,0.9,0,0,0.9,0,-0.15,0.9,-0.028129,-0.15,0.9,-0.028129,0,0.9,0,-0.15,0.871871,0,-0.15,0.871871,-0.028129,-0.15,0.9,-0.028129,-0.15,0.871871,0,0,0.871871,0,-0.15,0.9,0,-0.15,0.9,0,0,0.871871,-0.028129,0,0.9,-0.028129,-0.15,0.871871,-0.028129,-0.15,0.9,-0.028129,0,0,-0,-0.15,-0,0,0,-0,-0.028129,0,-0,-0.028129,-0.15,-0,0,0,0.028129,0,0,0.028129,-0.028129,0,-0,-0.028129,0,0.028129,0,0,0.028129,-0,-0.15,0.028129,-0.028129,-0.15,0.028129,-0.028129,0,0.028129,-0,-0.15,0,-0,-0.15,-0,-0.028129,-0.15,0.028129,-0.028129,-0.15,-0,0,0,0,-0,-0.15,0.028129,-0,-0.15,0.028129,0,0,-0,-0.028129,0,0.028129,-0.028129,-0.15,-0,-0.028129,-0.15,0.028129,-0.028129,0,-0,-0,-0.15,-0,-0,0,0.9,0,0,0.9,0,-0.15,-0,-0,0,-0,-0.028129,0,0.9,-0.028129,0,0.9,0,0,-0,-0.028129,0,-0,-0.028129,-0.15,0.9,-0.028129,-0.15,0.9,-0.028129,0,-0,-0.028129,-0.15,-0,-0,-0.15,0.9,0,-0.15,0.9,-0.028129,-0.15,-0,-0,0,-0,-0,-0.15,-0,-0.028129,-0.15,-0,-0.028129,0,0.9,0,0,0.9,-0.028129,-0.15,0.9,0,-0.15,0.9,-0.028129,0],
    "normals":[-0.422618,-0.906308,-5e-06,-0.906308,0.422618,-1.2e-05,0.422618,0.906308,5e-06,0.906308,-0.422618,1.1e-05,0,0,1,0,0,1,-0,-0,-1,-0,-0,-1,1,0,1.3e-05,0,-1,-0,-1,-0,-1.3e-05,0,1,0,0,0,1,-0,-0,-1,1,0,1.2e-05,0,-1,-0,-1,-0,-1.2e-05,0,1,0,0,0,1,-0,-0,-1,-0,-0,-1,-0,-0,-1,-0,1,-0,0,0,1,0,-1,-0,-1,-0,0,1,-0,-0,1,0,0],
    "faces":[43,0,1,2,3,0,0,1,2,3,0,0,0,0,43,4,5,6,7,0,1,4,5,2,1,1,1,1,43,8,9,10,11,0,4,6,7,5,2,2,2,2,43,12,13,14,15,0,6,8,9,7,3,3,3,3,42,16,17,18,0,10,11,12,4,4,4,42,18,19,16,0,12,13,10,5,5,5,42,20,21,22,0,14,15,16,6,6,6,42,21,20,23,0,15,14,17,7,7,7,43,24,25,26,27,1,0,18,19,3,8,8,8,8,43,28,29,30,31,1,18,20,21,19,9,9,9,9,43,32,33,34,35,1,20,22,23,21,10,10,10,10,43,36,37,38,39,1,22,24,25,23,11,11,11,11,42,40,41,42,1,10,26,27,12,12,12,42,42,43,40,1,27,28,10,12,12,12,42,44,45,46,1,14,29,30,13,13,13,42,45,44,47,1,29,14,31,13,13,13,43,48,49,50,51,1,0,18,19,3,14,14,14,14,43,52,53,54,55,1,18,20,21,19,15,15,15,15,43,56,57,58,59,1,20,22,23,21,16,16,16,16,43,60,61,62,63,1,22,24,25,23,17,17,17,17,42,64,65,66,1,10,26,27,18,18,18,42,66,67,64,1,27,28,10,18,18,18,42,68,69,70,1,14,29,30,19,19,19,42,69,68,71,1,29,14,31,20,20,20,43,72,73,74,75,1,0,18,19,3,21,21,21,21,43,76,77,78,79,1,18,20,21,19,22,22,22,22,43,80,81,82,83,1,20,22,23,21,23,23,23,23,43,84,85,86,87,1,22,24,25,23,24,24,24,24,42,88,89,90,1,10,32,33,25,25,25,42,90,91,88,1,33,28,10,25,25,25,42,92,93,94,1,14,34,35,26,26,26,42,93,92,95,1,34,14,31,27,27,27],
    "materials":[{
        "transparent":false,
        "depthTest":true,
        "specularCoef":50,
        "opacity":1,
        "visible":true,
        "DbgIndex":0,
        "colorEmissive":[0,0,0],
        "colorDiffuse":[0.806952,0.723055,0.571125],
        "DbgColor":15658734,
        "depthWrite":true,
        "blending":"NormalBlending",
        "colorSpecular":[0.5,0.5,0.5],
        "shading":"phong",
        "DbgName":"Material.002",
        "wireframe":false
    },{
        "transparent":false,
        "depthTest":true,
        "specularCoef":50,
        "opacity":1,
        "visible":true,
        "DbgIndex":1,
        "colorEmissive":[0,0,0],
        "colorDiffuse":[1,1,1],
        "DbgColor":15597568,
        "depthWrite":true,
        "blending":"NormalBlending",
        "colorSpecular":[0.5,0.5,0.5],
        "shading":"phong",
        "DbgName":"Material.001",
        "wireframe":false
    }],
    "uvs":[[0,0,0.442708,0,0.442708,1,0,1,0.486979,0,0.486979,1,0.929687,0,0.929687,1,0.973957,0,0.973957,1,1,0,1,0.415084,0.973958,0.415084,0.973958,0,1,1,0.973958,0.584916,1,0.584916,0.973958,1,0.392332,0,0.392332,1,0.465905,0,0.465905,1,0.858238,0,0.858238,1,0.93181,0,0.93181,1,1,0.072398,0.931811,0.072398,0.931811,0,0.931811,0.927602,1,0.927602,0.931811,1,1,0.166667,0.931811,0.166667,0.931811,0.833333,1,0.833333]],
    "morphTargets":[{
        "vertices":[0.039257,0,-0.063137,0.818682,0,-0.426589,0.818681,-0.028129,-0.426589,0.039257,-0.028129,-0.063137,0.818682,0,-0.426589,0.797551,0,-0.471904,0.79755,-0.028129,-0.471904,0.818681,-0.028129,-0.426589,0.797551,0,-0.471904,0.018126,-0,-0.108452,0.018126,-0.028129,-0.108452,0.79755,-0.028129,-0.471904,0.018126,-0,-0.108452,0.039257,0,-0.063137,0.039257,-0.028129,-0.063137,0.018126,-0.028129,-0.108452,0.818682,0,-0.426589,0.039257,0,-0.063137,0.018126,-0,-0.108452,0.797551,0,-0.471904,0.818681,-0.028129,-0.426589,0.018126,-0.028129,-0.108452,0.039257,-0.028129,-0.063137,0.79755,-0.028129,-0.471904,0.871871,0,-0.15,0.871871,0,0,0.871871,-0.028129,0,0.871871,-0.028129,-0.15,0.871871,0,0,0.9,0,0,0.9,-0.028129,0,0.871871,-0.028129,0,0.9,0,0,0.9,0,-0.15,0.9,-0.028129,-0.15,0.9,-0.028129,0,0.9,0,-0.15,0.871871,0,-0.15,0.871871,-0.028129,-0.15,0.9,-0.028129,-0.15,0.871871,0,0,0.871871,0,-0.15,0.9,0,-0.15,0.9,0,0,0.871871,-0.028129,0,0.9,-0.028129,-0.15,0.871871,-0.028129,-0.15,0.9,-0.028129,0,0,-0,-0.15,-0,0,0,-0,-0.028129,0,-0,-0.028129,-0.15,-0,0,0,0.028129,0,0,0.028129,-0.028129,0,-0,-0.028129,0,0.028129,0,0,0.028129,-0,-0.15,0.028129,-0.028129,-0.15,0.028129,-0.028129,0,0.028129,-0,-0.15,0,-0,-0.15,-0,-0.028129,-0.15,0.028129,-0.028129,-0.15,-0,0,0,0,-0,-0.15,0.028129,-0,-0.15,0.028129,0,0,-0,-0.028129,0,0.028129,-0.028129,-0.15,-0,-0.028129,-0.15,0.028129,-0.028129,0,-0,-0,-0.15,-0,-0,0,0.9,0,0,0.9,0,-0.15,-0,-0,0,-0,-0.028129,0,0.9,-0.028129,0,0.9,0,0,-0,-0.028129,0,-0,-0.028129,-0.15,0.9,-0.028129,-0.15,0.9,-0.028129,0,-0,-0.028129,-0.15,-0,-0,-0.15,0.9,0,-0.15,0.9,-0.028129,-0.15,-0,-0,0,-0,-0,-0.15,-0,-0.028129,-0.15,-0,-0.028129,0,0.9,0,0,0.9,-0.028129,-0.15,0.9,0,-0.15,0.9,-0.028129,0],