{
    "name":"CubeGeometry",
    "faces":[33,1,0,4,5,0,0,0,0,33,5,6,2,1,1,1,1,1,33,6,7,3,2,2,2,2,2,33,0,3,7,4,3,3,3,3,33,0,1,2,3,4,4,4,4,33,7,6,5,4,5,5,5,5],
    "vertices":[-0,-0,-0,-0,-0,0,-0,0,0.3,-0,0,0.3,-0,0.3,-0,-0,0.3,0,-0,0.3,0.3,-0,0.3,0.3],
    "normals":[0.826235,-0.563325,0,1,0,-0,-0.707107,0.707107,-0,-1,-0,0,0,0,1,0,-0,-1],
    "uvs":[],
    "metadata":{
        "generator":"io_three",
        "version":3,
        "faces":6,
        "vertices":8,
        "normals":6,
        "uvs":0,
        "type":"Geometry"
    }
}