{
    "faces":[43,2,0,1,3,0,2,3,0,1,0,1,2,3,43,3,7,6,2,0,0,1,2,3,3,4,5,0,43,7,5,4,6,0,0,1,2,3,4,6,7,5,43,0,4,5,1,0,2,3,0,1,1,7,6,2,43,0,2,6,4,0,0,1,2,3,1,0,5,7,43,5,7,3,1,0,0,1,2,3,6,4,3,2,43,9,11,10,8,0,0,1,2,3,2,3,0,1,43,11,15,14,10,0,0,1,2,3,3,4,5,0,43,15,13,12,14,0,0,1,2,3,4,6,7,5,43,13,9,8,12,0,0,1,2,3,6,2,1,7,43,8,10,14,12,0,0,1,2,3,1,0,5,7,43,13,15,11,9,0,0,1,2,3,6,4,3,2,43,16,17,18,19,1,0,1,2,3,5,7,1,0,43,20,23,22,21,0,0,1,2,3,4,3,2,6,43,16,20,21,17,1,0,1,2,3,5,4,6,7,43,17,21,22,18,2,0,1,2,3,7,6,2,1,43,18,22,23,19,1,0,1,2,3,1,2,3,0,43,20,16,19,23,1,0,1,2,3,4,5,0,3],
    "metadata":{
        "generator":"io_three",
        "materials":3,
        "type":"Geometry",
        "version":3,
        "faces":18,
        "normals":8,
        "vertices":24,
        "uvs":1
    },
    "materials":[{
        "specularCoef":50,
        "depthTest":true,
        "visible":true,
        "colorSpecular":[0.5,0.5,0.5],
        "opacity":1,
        "DbgName":"patch_wall1",
        "wireframe":false,
        "blending":"NormalBlending",
        "transparent":false,
        "DbgIndex":1,
        "colorDiffuse":[0,0.375099,0],
        "shading":"phong",
        "colorEmissive":[0,0,0],
        "depthWrite":true,
        "DbgColor":15597568
    },{
        "depthTest":true,
        "visible":true,
        "opacity":1,
        "DbgName":"Material.001",
        "wireframe":false,
        "blending":"NormalBlending",
        "transparent":false,
        "DbgIndex":0,
        "colorDiffuse":[0.8,0.8,0.8],
        "shading":"lambert",
        "colorEmissive":[0,0,0],
        "depthWrite":true,
        "DbgColor":15658734
    },{
        "specularCoef":50,
        "depthTest":true,
        "visible":true,
        "colorSpecular":[0.5,0.5,0.5],
        "opacity":1,
        "DbgName":"patch_floor",
        "wireframe":false,
        "blending":"NormalBlending",
        "transparent":false,
        "DbgIndex":3,
        "colorDiffuse":[0,0.000145,0.8],
        "shading":"phong",
        "colorEmissive":[0,0,0],
        "depthWrite":true,
        "DbgColor":238
    }],
    "uvs":[[0,0,1,0,1,1,0,1]],
    "name":"Cube.001Geometry.1",
    "vertices":[0.2,0.3,0.2,0.2,0.35,0.2,0.2,0.3,0.1,0.2,0.35,0.1,0.24,0.3,0.2,0.24,0.35,0.2,0.24,0.3,0.1,0.24,0.35,0.1,0.02,0.3,0.2,0.02,0.35,0.2,0.02,0.3,0.1,0.02,0.35,0.1,0.06,0.3,0.2,0.06,0.35,0.2,0.06,0.3,0.1,0.06,0.35,0.1,0.3,0,0,0.3,0,0.3,-0,0,0.3,0,-0,-0,0.3,0.3,0,0.3,0.3,0.3,-0,0.3,0.3,0,0.3,-0],
    "normals":[-0.577349,-0.577349,-0.577349,-0.577349,-0.577349,0.577349,-0.577349,0.577349,0.577349,-0.577349,0.577349,-0.577349,0.577349,0.577349,-0.577349,0.577349,-0.577349,-0.577349,0.577349,0.577349,0.577349,0.577349,-0.577349,0.577349]
}