{
    "normals":[-1,0,0,0,1,0,1,0,-0,0.995818,-0.091364,-0,0.961063,-0.276328,-0,0.88792,-0.459998,-0,0.776179,-0.630512,-0,0.630512,-0.77618,-0,0.459998,-0.88792,-0,0.276328,-0.961063,-0,0.091364,-0.995818,-0,-0.091364,-0.995818,-0,-0.276328,-0.961064,-0,-0.459998,-0.88792,-0,-0.630511,-0.77618,-0,-0.776179,-0.630512,-0,-0.88792,-0.459998,-0,-0.961063,-0.276327,-0,-0.995818,-0.091364,-0,0,0,1,-0,0,1,-0,0,1,4e-06,-2e-06,1,-0,-0,1,0,-0,1,-0,-0,1,-4e-06,-2e-06,1,-0,-0,1,2e-06,0,1,-0,-0,1,0,-0,1,0,-0,-1,0,-0,-1,-4e-06,2e-06,-1,0,0,-1,0,0,-1,0,0,-1,-0,-0,-1,-0,0,-1,4e-06,2e-06,-1,-0,0,-1,-2e-06,-0,-1,-0,0,-1,0,1,0,0,-1,-0,-1,0,0,-0,-0,1,-1,0,0,0.995818,-0.091364,-0,0.961064,-0.276328,-0,0.88792,-0.459997,-0,0.776179,-0.630512,-0,0.630512,-0.77618,-0,0.459998,-0.88792,-0,0.276328,-0.961063,-0,0.091364,-0.995818,-0,-0.091364,-0.995818,-0,-0.276328,-0.961064,-0,-0.459998,-0.88792,-0,-0.630511,-0.77618,-0,-0.776179,-0.630512,-0,-0.88792,-0.459998,-0,-0.961064,-0.276327,-0,-0.995818,-0.091364,-0,0,-1e-06,1,0,-0,1,-1e-06,0,1,0,-0,1,0,-0,1,0,-1e-06,1,1e-06,0,1,-0,-0,1,-0,-0,1,-0,-0,1,-0,-0,1,0,0,-1,-0,0,-1],
    "vertices":[0,0.4,-0.32,0,0.4,-0.12,0,0.42,-0.12,0,0.42,-0.32,0,0.4,-0.12,0.32,0.4,-0.12,0.32,0.42,-0.12,0,0.42,-0.12,0.32,0.4,-0.12,0.32,0.4,-0.32,0.32,0.42,-0.32,0.32,0.42,-0.12,0.317329,0.4,-0.349114,0.317329,0.42,-0.349114,0.308766,0.4,-0.378895,0.308766,0.42,-0.378895,0.293919,0.4,-0.407554,0.293919,0.42,-0.407554,0.273137,0.4,-0.433137,0.273137,0.42,-0.433137,0.247554,0.4,-0.453919,0.247554,0.42,-0.453919,0.218895,0.4,-0.468766,0.218895,0.42,-0.468766,0.189114,0.4,-0.477329,0.189114,0.42,-0.477329,0.16,0.4,-0.48,0.16,0.42,-0.48,0.130886,0.4,-0.477329,0.130886,0.42,-0.477329,0.101105,0.4,-0.468766,0.101105,0.42,-0.468766,0.072446,0.4,-0.453919,0.072446,0.42,-0.453919,0.046863,0.4,-0.433137,0.046863,0.42,-0.433137,0.026081,0.4,-0.407554,0.026081,0.42,-0.407554,0.011234,0.4,-0.378895,0.011234,0.42,-0.378895,0.002671,0.4,-0.349114,0.002671,0.42,-0.349114,0,0.4,-0.32,0,0.42,-0.32,0.247554,0.4,-0.453919,0.273137,0.4,-0.433137,0.293919,0.4,-0.407554,0.16,0.4,-0.48,0.218895,0.4,-0.468766,0.026081,0.4,-0.407554,0,0.4,-0.32,0.317329,0.4,-0.349114,0.32,0.4,-0.32,0.308766,0.4,-0.378895,0,0.4,-0.12,0.32,0.4,-0.12,0.189114,0.4,-0.477329,0.101105,0.4,-0.468766,0.130886,0.4,-0.477329,0.072446,0.4,-0.453919,0.046863,0.4,-0.433137,0.002671,0.4,-0.349114,0.011234,0.4,-0.378895,0.247554,0.42,-0.453919,0.293919,0.42,-0.407554,0.273137,0.42,-0.433137,0.16,0.42,-0.48,0.218895,0.42,-0.468766,0.026081,0.42,-0.407554,0,0.42,-0.32,0.32,0.42,-0.32,0.317329,0.42,-0.349114,0.308766,0.42,-0.378895,0,0.42,-0.12,0.32,0.42,-0.12,0.189114,0.42,-0.477329,0.101105,0.42,-0.468766,0.130886,0.42,-0.477329,0.072446,0.42,-0.453919,0.046863,0.42,-0.433137,0.002671,0.42,-0.349114,0.011234,0.42,-0.378895,0,0.4,0,0.32,0.4,0,0.32,0.42,0,0,0.42,0,0.32,0.4,0,0.32,0.4,-0.12,0.32,0.42,-0.12,0.32,0.42,0,0.32,0.4,-0.12,0,0.4,-0.12,0,0.42,-0.12,0.32,0.42,-0.12,0,0.4,-0.12,0,0.4,0,0,0.42,0,0,0.42,-0.12,0.32,0.4,0,0,0.4,0,0,0.4,-0.12,0.32,0.4,-0.12,0.32,0.42,0,0,0.42,-0.12,0,0.42,0,0.32,0.42,-0.12,0,0.1,-0.32,0,0.1,0,0,0.4,0,0,0.4,-0.32,0,0.1,0,0.32,0.1,0,0.32,0.4,0,0,0.4,0,0.32,0.1,0,0.32,0.1,-0.32,0.32,0.4,-0.32,0.32,0.4,0,0.317329,0.1,-0.349114,0.317329,0.4,-0.349114,0.308766,0.1,-0.378895,0.308766,0.4,-0.378895,0.293919,0.1,-0.407554,0.293919,0.4,-0.407554,0.273137,0.1,-0.433137,0.273137,0.4,-0.433137,0.247554,0.1,-0.453919,0.247554,0.4,-0.453919,0.218895,0.1,-0.468766,0.218895,0.4,-0.468766,0.189114,0.1,-0.477329,0.189114,0.4,-0.477329,0.16,0.1,-0.48,0.16,0.4,-0.48,0.130886,0.1,-0.477329,0.130886,0.4,-0.477329,0.101105,0.1,-0.468766,0.101105,0.4,-0.468766,0.072446,0.1,-0.453919,0.072446,0.4,-0.453919,0.046863,0.1,-0.433137,0.046863,0.4,-0.433137,0.026081,0.1,-0.407554,0.026081,0.4,-0.407554,0.011234,0.1,-0.378895,0.011234,0.4,-0.378895,0.002671,0.1,-0.349114,0.002671,0.4,-0.349114,0,0.1,-0.32,0,0.4,-0.32,0.247554,0.1,-0.453919,0.273137,0.1,-0.433137,0.293919,0.1,-0.407554,0.16,0.1,-0.48,0.218895,0.1,-0.468766,0.026081,0.1,-0.407554,0,0.1,-0.32,0.317329,0.1,-0.349114,0.32,0.1,-0.32,0.308766,0.1,-0.378895,0,0.1,0,0.32,0.1,0,0.189114,0.1,-0.477329,0.101105,0.1,-0.468766,0.130886,0.1,-0.477329,0.072446,0.1,-0.453919,0.046863,0.1,-0.433137,0.002671,0.1,-0.349114,0.011234,0.1,-0.378895,0.247554,0.4,-0.453919,0.293919,0.4,-0.407554,0.273137,0.4,-0.433137,0.16,0.4,-0.48,0.218895,0.4,-0.468766,0.026081,0.4,-0.407554,0,0.4,-0.32,0.32,0.4,-0.32,0.317329,0.4,-0.349114,0.308766,0.4,-0.378895,0,0.4,0,0.32,0.4,0,0.189114,0.4,-0.477329,0.101105,0.4,-0.468766,0.130886,0.4,-0.477329,0.072446,0.4,-0.453919,0.046863,0.4,-0.433137,0.002671,0.4,-0.349114,0.011234,0.4,-0.378895],