{
    "uvs":[[0,1,0,0.980769,0.483871,0.980769,0.483871,1,1,1,0.516129,1,0.516129,0.980769,1,0.980769,0,0,0.483871,0,0.483871,0.980768,0,0.980768,0.5,0,0.5,0.980768,0.983871,0,0.983871,0.980768,1,0,1,0.980768,0.306513,1,0,0.784495,0.306513,0.784495,0.693487,1,0.693487,0.784495,1,0.784495,0.306513,0,0.306513,0.784494,0,0.784494,0.5,0.784494,0.806513,0,0.806513,0.784494,1,0.784494]],
    "faces":[43,0,1,2,3,0,0,1,2,3,0,0,0,0,43,4,5,6,7,0,4,5,6,7,1,1,1,1,43,8,9,10,11,0,8,9,10,11,2,2,2,2,43,12,13,14,15,0,9,12,13,10,3,3,3,3,43,16,17,18,19,0,12,14,15,13,4,4,4,4,43,20,21,22,23,0,14,16,17,15,5,5,5,5,43,24,25,26,27,0,18,0,19,20,0,0,0,0,43,28,29,30,31,0,21,22,23,4,6,6,6,6,43,32,33,34,35,0,8,24,25,26,2,2,2,2,43,36,37,38,39,0,24,12,27,25,3,3,3,3,43,40,41,42,43,0,12,28,29,27,4,4,4,4,43,44,45,46,47,0,28,16,30,29,5,5,5,5],
    "morphTargets":[],
    "normals":[0,-0,1,0,0,-1,1,0,-0,0,-1,-0,-1,0,0,0,1,0,0,0,-1],
    "name":"object_1.010Geometry",
    "vertices":[0.38,0,-0.6,0.4,0,-0.6,0.4,-0,0,0.38,-0,0,0.4,1,0,0.4,1,-0.6,0.38,1,-0.6,0.38,1,0,0.4,-0,0,0.4,0,-0.6,0.4,1,-0.6,0.4,1,0,0.4,0,-0.6,0.38,0,-0.6,0.38,1,-0.6,0.4,1,-0.6,0.38,0,-0.6,0.38,-0,0,0.38,1,0,0.38,1,-0.6,0.38,-0,0,0.4,-0,0,0.4,1,0,0.38,1,0,0.378751,0,-0.6,0.378751,-0,0,0,-0,0,0,0,-0.6,0,1,0,0.378751,1,0,0.378751,1,-0.6,0,1,-0.6,0.378751,-0,0,0.378751,0,-0.6,0.378751,1,-0.6,0.378751,1,0,0.378751,0,-0.6,0,0,-0.6,0,1,-0.6,0.378751,1,-0.6,0,0,-0.6,0,-0,0,0,1,0,0,1,-0.6,0,-0,0,0.378751,-0,0,0.378751,1,0,0,1,0],
    "metadata":{
        "uvs":1,
        "morphTargets":0,
        "vertices":48,
        "type":"Geometry",
        "materials":1,
        "normals":7,
        "faces":12,
        "version":3,
        "generator":"io_three"
    },
    "materials":[{
        "blending":"NormalBlending",
        "DbgColor":15658734,
        "depthTest":true,
        "opacity":1,
        "colorDiffuse":[1,1,1],
        "DbgIndex":0,
        "wireframe":false,
        "colorSpecular":[0.5,0.5,0.5],
        "DbgName":"Material.015",
        "specularCoef":50,
        "visible":true,
        "shading":"phong",
        "transparent":false,
        "depthWrite":true,
        "colorEmissive":[0,0,0]
    }]
}