{
    "materials":[{
        "shading":"phong",
        "wireframe":false,
        "colorEmissive":[0,0,0],
        "opacity":1,
        "DbgColor":15658734,
        "depthTest":true,
        "blending":"NormalBlending",
        "colorDiffuse":[1,1,1],
        "specularCoef":50,
        "transparent":false,
        "DbgName":"Material",
        "depthWrite":true,
        "colorSpecular":[0.5,0.5,0.5],
        "DbgIndex":0,
        "visible":true
    }],
    "normals":[-0.554674,0,-0.832026,0.832026,0,-0.554674,0.554674,0,0.832026,-0.832026,0,0.554674,0,0.999969,-0,0,1,-0,0,-0.999969,-0,0,-1,-0,0,0,-1,1,0,-0,0.999969,0,-0,0,0,1,-1,0,-0],
    "name":"object_1.001Geometry",
    "metadata":{
        "type":"Geometry",
        "generator":"io_three",
        "vertices":180,
        "version":3,
        "materials":1,
        "normals":13,
        "faces":78,
        "morphTargets":0,
        "uvs":1
    },
    "vertices":[0.003,4,0,0.061244,4.03883,0,0.061244,4.03883,-0.03,0.003,4,-0.03,2.06124,1.03883,0,2.06124,1.03883,-0.03,2.003,1,0,2.003,1,-0.03,0.003,3,0,0.203,3,0,0.203,3,-0.9,0.003,3,-0.9,0.203,2.7,0,0.203,2.7,-0.9,0.403,2.7,0,0.403,2.7,-0.9,0.403,2.4,0,0.403,2.4,-0.9,0.603,2.4,0,0.603,2.4,-0.9,0.603,2.1,0,0.603,2.1,-0.9,0.803,2.1,0,0.803,2.1,-0.9,0.803,1.8,0,0.803,1.8,-0.9,1.003,1.8,0,1.003,1.8,-0.9,1.003,1.5,0,1.003,1.5,-0.9,1.203,1.5,0,1.203,1.5,-0.9,1.203,1.2,0,1.203,1.2,-0.9,1.403,1.2,0,1.403,1.2,-0.9,1.403,0.9,0,1.403,0.9,-0.9,1.603,0.9,0,1.603,0.9,-0.9,1.603,0.6,0,1.603,0.6,-0.9,1.803,0.6,0,1.803,0.6,-0.9,1.803,0.3,0,1.803,0.3,-0.9,2.003,0.3,0,2.003,0.3,-0.9,2.003,0,0,2.003,0,-0.9,0.003,0,0,0.003,0,-0.9,0.003,4,-0.9,2.003,1,-0.9,2.003,1,-0.87,0.003,4,-0.87,2.06124,1.03883,-0.9,2.06124,1.03883,-0.87,0.061244,4.03883,-0.9,0.061244,4.03883,-0.87,0.061244,4.03883,-0.03,0.061244,4.03883,-0.03,2.06124,1.03883,-0.03,2.06124,1.03883,-0.03,0.003,4,-0.03,0.003,4,-0.03,2.003,1,-0.03,2.003,1,-0.03,0.003,4,0,0.003,4,0,2.06124,1.03883,0,2.06124,1.03883,0,2.003,1,0,2.003,1,0,0.061244,4.03883,0,0.061244,4.03883,0,0.603,2.1,0,0.603,2.1,0,0.603,2.1,-0.9,0.603,2.1,-0.9,1.203,1.2,0,1.203,1.2,0,1.403,1.2,0,1.403,1.2,0,1.203,1.5,-0.9,1.203,1.5,-0.9,1.203,1.2,-0.9,1.203,1.2,-0.9,0.803,2.1,0,0.803,2.1,0,0.803,2.1,-0.9,0.803,2.1,-0.9,1.003,1.5,-0.9,1.003,1.5,-0.9,1.803,0.3,0,1.803,0.3,0,1.803,0.3,-0.9,1.803,0.3,-0.9,0.403,2.7,-0.9,0.403,2.7,-0.9,0.403,2.4,-0.9,0.403,2.4,-0.9,1.803,0.6,-0.9,1.803,0.6,-0.9,1.403,0.9,0,1.403,0.9,0,1.603,0.9,0,1.603,0.9,0,1.003,1.5,0,1.003,1.5,0,2.003,0.3,0,2.003,0.3,0,2.003,0.3,-0.9,2.003,0.3,-0.9,0.203,2.7,-0.9,0.203,2.7,-0.9,1.603,0.6,0,1.603,0.6,0,1.203,1.5,0,1.203,1.5,0,0.203,2.7,0,0.203,2.7,0,1.603,0.6,-0.9,1.603,0.6,-0.9,1.803,0.6,0,1.803,0.6,0,2.003,0,0,2.003,0,0,0.003,0,0,0.003,0,0,1.003,1.8,-0.9,1.003,1.8,-0.9,0.403,2.7,0,0.403,2.7,0,1.003,1.8,0,1.003,1.8,0,0.603,2.4,0,0.603,2.4,0,0.203,3,-0.9,0.203,3,-0.9,0.003,3,-0.9,0.003,3,-0.9,0.803,1.8,-0.9,0.803,1.8,-0.9,0.803,1.8,0,0.803,1.8,0,0.403,2.4,0,0.403,2.4,0,0.003,3,0,0.003,3,0,1.403,1.2,-0.9,1.403,1.2,-0.9,1.403,0.9,-0.9,1.403,0.9,-0.9,0.203,3,0,0.203,3,0,1.603,0.9,-0.9,1.603,0.9,-0.9,2.003,0,-0.9,2.003,0,-0.9,0.003,0,-0.9,0.003,0,-0.9,0.603,2.4,-0.9,0.603,2.4,-0.9,2.003,1,-0.87,2.003,1,-0.87,2.06124,1.03883,-0.87,2.06124,1.03883,-0.87,0.003,4,-0.87,0.003,4,-0.87,0.061244,4.03883,-0.87,0.061244,4.03883,-0.87,0.003,4,-0.9,0.003,4,-0.9,2.06124,1.03883,-0.9,2.06124,1.03883,-0.9,0.061244,4.03883,-0.9,0.061244,4.03883,-0.9,2.003,1,-0.9,2.003,1,-0.9],
    "morphTargets":[],
    "faces":[43,68,74,60,64,0,0,1,2,3,0,0,0,0,43,1,71,62,2,0,1,4,5,2,1,1,1,1,43,70,6,66,63,0,4,6,7,5,2,2,2,2,43,72,69,65,7,0,6,8,9,7,3,3,3,3,42,0,73,4,0,10,11,12,4,5,5,42,4,75,0,0,12,13,10,5,5,4,42,3,5,67,0,14,15,16,6,7,7,42,5,3,61,0,15,14,17,7,6,7,43,8,9,10,140,0,0,18,19,20,8,8,8,8,43,154,12,114,138,0,18,21,22,19,9,9,9,10,43,121,14,98,13,0,21,23,24,22,8,8,8,8,43,132,147,17,15,0,23,25,26,24,9,9,9,9,43,146,136,162,101,0,25,27,28,26,8,8,8,8,43,18,20,21,19,0,27,29,30,28,9,9,9,9,43,77,22,23,79,0,29,31,32,30,8,8,8,8,43,88,24,143,90,0,31,33,34,32,9,9,9,10,43,145,26,130,142,0,33,35,36,34,8,8,8,8,43,134,108,92,27,0,35,37,38,36,9,9,10,9,43,109,30,84,29,0,37,39,40,38,8,8,8,8,43,118,81,33,31,0,39,41,42,40,9,9,10,9,43,32,34,150,87,0,41,43,44,42,8,8,8,8,43,82,105,152,35,0,43,45,46,44,9,9,9,9,43,104,38,39,153,0,45,47,48,46,8,8,8,8,43,106,116,123,156,0,47,49,50,48,9,9,9,9,43,117,42,102,41,0,49,51,52,50,8,8,8,8,43,124,44,96,43,0,51,53,54,52,9,9,9,10,43,95,46,47,97,0,53,55,56,54,8,8,8,8,43,110,127,158,112,0,55,57,58,56,9,9,9,9,43,48,128,160,49,0,57,59,60,58,11,11,11,11,43,129,148,141,161,0,59,8,61,60,12,12,12,12,42,120,155,149,0,62,63,64,5,5,5,42,16,133,120,0,65,66,62,5,5,5,42,50,16,120,0,11,65,62,5,5,5,42,50,120,149,0,11,62,64,5,5,5,42,50,76,16,0,11,67,65,5,5,5,42,137,16,76,0,68,65,67,5,5,5,42,144,76,50,0,69,67,11,5,5,5,42,28,144,50,0,70,69,11,5,5,5,42,76,144,89,0,67,69,71,5,5,5,42,135,144,28,0,72,69,70,5,5,5,42,80,119,28,0,73,74,70,5,5,5,42,36,83,80,0,75,76,73,5,5,5,42,36,50,40,0,75,11,77,5,5,5,42,50,80,28,0,11,73,70,5,5,5,42,94,125,40,0,78,79,77,5,5,5,42,36,40,107,0,75,77,80,5,5,5,42,126,111,94,0,81,82,78,4,5,5,42,50,126,94,0,11,81,78,5,4,5,42,40,50,94,0,77,11,78,5,5,5,42,80,50,36,0,73,11,75,5,5,5,42,115,11,139,0,83,84,85,7,7,7,42,100,115,99,0,86,83,87,7,7,7,42,51,115,100,0,81,83,86,7,7,7,42,51,11,115,0,81,84,83,7,7,7,42,51,100,78,0,81,86,88,7,7,7,42,163,78,100,0,89,88,86,7,7,7,42,25,51,78,0,90,81,88,7,7,7,42,93,51,25,0,70,81,90,7,7,7,42,78,91,25,0,88,91,90,7,7,7,42,131,93,25,0,72,70,90,7,7,7,42,86,93,85,0,92,70,93,7,7,7,42,37,86,151,0,94,92,95,7,7,7,42,37,122,51,0,94,96,81,7,7,7,42,51,93,86,0,81,70,92,7,7,7,42,45,122,103,0,97,96,98,7,7,7,42,37,157,122,0,94,99,96,7,7,7,42,159,45,113,0,11,97,100,6,7,7,42,51,45,159,0,81,97,11,7,7,6,42,122,45,51,0,96,97,81,7,7,7,42,86,37,51,0,92,94,81,7,7,7,43,172,178,164,168,0,0,101,102,3,3,3,3,3,43,53,175,166,54,0,101,4,5,102,2,2,2,2,43,174,58,170,167,0,4,103,104,5,1,1,1,1,43,176,173,169,59,0,103,8,9,104,0,0,0,0,42,56,52,177,0,13,105,12,6,7,7,42,52,56,179,0,105,13,10,7,6,7,42,57,171,55,0,17,15,16,4,5,5,42,55,165,57,0,16,14,17,5,5,4],
    "uvs":[[0,0,0.009522,0,0.009522,0.588235,0,0.588235,0.5,0,0.5,0.588235,0.509522,0,0.509522,0.588235,1,0,1,0.588235,0.490478,1,0,1,0,0.588236,0.490478,0.588236,1,0.588236,0.509522,1,0.509522,0.588236,1,1,0.019048,0,0.019048,0.591836,0,0.591836,0.033333,0,0.033333,0.591836,0.052381,0,0.052381,0.591836,0.066667,0,0.066667,0.591836,0.085714,0,0.085714,0.591836,0.1,0,0.1,0.591836,0.119048,0,0.119048,0.591836,0.133333,0,0.133333,0.591836,0.152381,0,0.152381,0.591836,0.166667,0,0.166667,0.591836,0.185714,0,0.185714,0.591836,0.2,0,0.2,0.591836,0.219048,0,0.219048,0.591836,0.233333,0,0.233333,0.591836,0.252381,0,0.252381,0.591836,0.266667,0,0.266667,0.591836,0.285714,0,0.285714,0.591836,0.3,0,0.3,0.591836,0.319048,0,0.319048,0.591836,0.333333,0,0.333333,0.591836,0.714286,0,0.714286,0.591836,1,0.591836,0.27,0.959184,0.3,0.959184,0.3,1,0.24,0.918367,0.27,0.918367,0.21,0.877551,0.24,0.877551,0.18,0.836735,0.15,0.795918,0.21,0.836735,0.18,0.795918,0.12,0.755102,0.15,0.755102,0.09,0.714286,0.12,0.714286,0.06,0.67347,0.03,0.632653,0.06,0.632653,0.09,0.67347,0,0.591837,0.03,0.591837,0.27,0.632653,0.3,0.591837,0.3,0.632653,0.24,0.67347,0.27,0.67347,0.21,0.714286,0.24,0.714286,0.18,0.755102,0.21,0.755102,0.12,0.836735,0.15,0.836735,0.09,0.877551,0.12,0.877551,0.06,0.918367,0.03,0.959184,0.06,0.959184,0.09,0.918367,0.03,1,0.490478,0,0.490478,0.588235,0.990478,0,0.990478,0.588235,0,1]]
}