{
    "materials":[{
        "DbgName":"Material.010",
        "colorDiffuse":[0.304987,0.304987,0.304987],
        "blending":"NormalBlending",
        "depthTest":true,
        "DbgColor":15658734,
        "specularCoef":50,
        "colorEmissive":[0,0,0],
        "transparent":false,
        "shading":"phong",
        "opacity":1,
        "wireframe":false,
        "colorSpecular":[0.5,0.5,0.5],
        "visible":true,
        "depthWrite":true,
        "DbgIndex":0
    },{
        "DbgName":"Material.009",
        "colorDiffuse":[1,1,1],
        "blending":"NormalBlending",
        "depthTest":true,
        "DbgColor":15597568,
        "specularCoef":50,
        "colorEmissive":[0,0,0],
        "transparent":false,
        "shading":"phong",
        "opacity":1,
        "wireframe":false,
        "colorSpecular":[0.5,0.5,0.5],
        "visible":true,
        "depthWrite":true,
        "DbgIndex":1
    }],
    "vertices":[0.05,1,-0.350993,0.05,1,-0.390993,0.05,0.9,-0.390993,0.05,0.9,-0.350993,0.06,0.9,-0.390993,0.06,1,-0.390993,0.06,1,-0.350993,0.06,0.9,-0.350993,0.05,1,-0.350993,0.05,0.9,-0.350993,0.06,0.9,-0.350993,0.06,1,-0.350993,0.05,0.9,-0.350993,0.05,0.9,-0.390993,0.06,0.9,-0.390993,0.06,0.9,-0.350993,0.05,0.9,-0.390993,0.05,1,-0.390993,0.06,1,-0.390993,0.06,0.9,-0.390993,0.05,1,-0.390993,0.05,1,-0.350993,0.06,1,-0.350993,0.06,1,-0.390993,0,1,-0.350993,0,1,-0.390993,0,0.96044,-0.390993,0,0.96044,-0.350993,0.05,0.96044,-0.390993,0.05,1,-0.390993,0.05,1,-0.350993,0.05,0.96044,-0.350993,0,1,-0.350993,0,0.96044,-0.350993,0.05,0.96044,-0.350993,0.05,1,-0.350993,0,0.96044,-0.350993,0,0.96044,-0.390993,0.05,0.96044,-0.390993,0.05,0.96044,-0.350993,0,0.96044,-0.390993,0,1,-0.390993,0.05,1,-0.390993,0.05,0.96044,-0.390993,0,1,-0.390993,0,1,-0.350993,0.05,1,-0.350993,0.05,1,-0.390993,0.22,1.92,-0.270993,0.42,1.92,-0.270993,0.42,1.92,-0.470993,0.22,1.92,-0.470993,0.42,1.91,-0.470993,0.42,1.91,-0.270993,0.22,1.91,-0.270993,0.22,1.91,-0.470993,0.42,1.92,-0.270993,0.22,1.92,-0.270993,0.22,1.91,-0.270993,0.42,1.91,-0.270993,0.22,1.92,-0.270993,0.22,1.92,-0.470993,0.22,1.91,-0.470993,0.22,1.91,-0.270993,0.22,1.92,-0.470993,0.42,1.92,-0.470993,0.42,1.91,-0.470993,0.22,1.91,-0.470993,0.42,1.92,-0.470993,0.42,1.92,-0.270993,0.42,1.91,-0.270993,0.42,1.91,-0.470993,0,1.98,-0.350993,0.3,1.98,-0.350993,0.3,1.92,-0.350993,0.34,1.92,-0.350993,0.34,2.02,-0.350993,0,2.02,-0.350993,0,1.98,-0.390993,0,2.02,-0.390993,0.34,2.02,-0.390993,0.34,1.92,-0.390993,0.3,1.92,-0.390993,0.3,1.98,-0.390993,0,2.02,-0.350993,0.34,2.02,-0.350993,0.34,2.02,-0.390993,0,2.02,-0.390993,0.34,2.02,-0.350993,0.34,1.92,-0.350993,0.34,1.92,-0.390993,0.34,2.02,-0.390993,0.34,1.92,-0.350993,0.3,1.92,-0.350993,0.3,1.92,-0.390993,0.34,1.92,-0.390993,0.3,1.92,-0.350993,0.3,1.98,-0.350993,0.3,1.98,-0.390993,0.3,1.92,-0.390993,0.3,1.98,-0.350993,0,1.98,-0.350993,0,1.98,-0.390993,0.3,1.98,-0.390993,0,1.98,-0.350993,0,2.02,-0.350993,0,2.02,-0.390993,0,1.98,-0.390993,0.75,0,0,0.75,0,-0.75,0.75,0.02,-0.75,0.75,0.02,0,0.75,0,-0.75,0,0,-0.75,0,0.02,-0.75,0.75,0.02,-0.75,0,0,-0.75,0,0,0,0,0.02,0,0,0.02,-0.75,0,0,0,0.75,0,0,0.75,0.02,0,0,0.02,0,0.1,0,-0.075,0.075,0,-0.1,0.075,0.02,-0.1,0.1,0.02,-0.075,0.1,0,-0.125,0.1,0.02,-0.125,0.125,0,-0.1,0.125,0.02,-0.1,0.1,0,-0.075,0.1,0.02,-0.075,0.1,0,-0.075,0.125,0,-0.1,0.75,0,0,0.75,0,-0.75,0,0,0,0.075,0,-0.1,0,0,-0.75,0.1,0,-0.125,0.1,0.02,-0.075,0.75,0.02,0,0.125,0.02,-0.1,0.75,0.02,-0.75,0.075,0.02,-0.1,0,0.02,0,0,0.02,-0.75,0.1,0.02,-0.125],
    "metadata":{
        "materials":2,
        "vertices":150,
        "uvs":1,
        "faces":56,
        "normals":33,
        "generator":"io_three",
        "type":"Geometry",
        "morphTargets":0,
        "version":3
    },
    "morphTargets":[],
    "uvs":[[0.357143,0.555556,0.357143,1,0,1,0,0.555556,0.642857,0.555556,1,0.555556,1,1,0.642857,1,0,0,0.357143,0,0.357143,0.555555,0,0.555555,0.5,0,0.5,0.555555,0.857143,0,0.857143,0.555555,1,0,1,0.555555,0.251382,1,0,0.693618,0.251382,0.693618,0.748618,1,0.748618,0.693618,1,0.693618,0.248618,0,0.248618,0.693617,0,0.693617,0.5,0.693617,0.748618,0,0.748618,0.693617,1,0.693617,0.25,1,0,0.512195,0.25,0.512195,0.75,1,0.75,0.512195,1,0.512195,0.25,0,0.25,0.512195,0,0.512195,0.5,0.512195,0.75,0,0.75,0.512195,1,0.512195,0.386364,0,0.386364,0.583333,0,0.583333,0.5,0.583333,0.545455,0,0.545455,0.583333,0.613636,0,0.613636,0.583333,0.954545,0,0.954545,0.583333,1,0.583333,0.340909,0.833333,0.340909,0.583334,0.386364,0.583334,0.386364,1,0,0.833333,0,0.583334,0.340909,1,0.340909,0.75,0,0.75,0.237561,0,0.237561,0.506579,0,0.506579,0.475123,0,0.475123,0.506579,0.712684,0,0.712684,0.506579,0.950245,0,0.950245,0.506579,0.962684,0,0.962684,0.506579,0.975123,0,0.975123,0.506579,0.987561,0,0.987561,0.506579,1,0.506579,0.023875,0.572369,0.031833,0.588816,0.238745,1,0,0.506579,0.031833,0.555921,0.238745,0.506579,0.039791,0.572369,0.023875,0.934211,0.031833,0.917763,0.031833,0.950658,0.039791,0.934211]],
    "faces":[43,0,1,2,3,0,0,1,2,3,0,0,0,0,43,4,5,6,7,0,4,5,6,7,1,1,1,1,43,8,9,10,11,0,8,9,10,11,2,2,2,2,43,12,13,14,15,0,9,12,13,10,3,3,3,3,43,16,17,18,19,0,12,14,15,13,4,4,4,4,43,20,21,22,23,0,14,16,17,15,5,5,5,5,43,24,25,26,27,0,18,2,19,20,6,6,6,6,43,28,29,30,31,0,21,22,23,6,7,7,7,7,43,32,33,34,35,0,8,24,25,26,2,2,2,2,43,36,37,38,39,0,24,12,27,25,3,3,3,3,43,40,41,42,43,0,12,28,29,27,4,4,4,4,43,44,45,46,47,0,28,16,30,29,5,5,5,5,43,48,49,50,51,0,31,2,32,33,8,8,8,8,43,52,53,54,55,0,34,35,36,6,9,9,9,9,43,56,57,58,59,0,8,37,38,39,10,10,10,10,43,60,61,62,63,0,37,12,40,38,0,0,0,0,43,64,65,66,67,0,12,41,42,40,11,11,11,11,43,68,69,70,71,0,41,16,43,42,12,12,12,12,43,84,85,86,87,0,8,44,45,46,8,8,8,8,43,88,89,90,91,0,44,12,47,45,13,13,13,13,43,92,93,94,95,0,12,48,49,47,9,9,9,9,43,96,97,98,99,0,48,50,51,49,6,6,6,6,43,100,101,102,103,0,50,52,53,51,9,9,9,9,43,104,105,106,107,0,52,16,54,53,0,0,0,0,42,73,77,72,0,55,2,59,14,14,14,42,74,75,76,0,56,57,58,2,2,2,42,73,76,77,0,55,58,2,14,14,14,42,73,74,76,0,55,56,58,10,10,10,42,79,83,78,0,60,62,63,11,11,11,42,81,82,83,0,58,61,62,11,11,11,42,79,80,83,0,60,57,62,11,11,11,42,80,81,83,0,57,58,62,11,11,11,43,108,109,110,111,1,8,64,65,66,1,1,1,1,43,112,113,114,115,1,64,67,68,65,15,15,15,15,43,116,117,118,119,1,67,69,70,68,16,16,16,16,43,120,121,122,123,1,69,71,72,70,17,17,17,17,43,124,125,126,127,1,71,73,74,72,18,18,18,18,43,125,128,129,126,1,73,75,76,74,19,19,19,19,43,128,130,131,129,1,75,77,78,76,20,20,20,20,43,130,132,133,131,1,77,16,79,78,21,21,21,21,42,134,135,136,1,80,81,2,22,22,22,42,137,136,135,1,82,2,81,22,22,22,42,134,138,139,1,80,83,84,23,23,23,42,136,138,134,1,2,83,80,22,22,22,42,140,137,141,1,85,82,86,24,24,24,42,138,140,139,1,83,85,84,22,22,22,42,141,139,140,1,86,84,85,22,22,22,42,137,135,141,1,82,81,86,22,22,22,42,142,143,144,1,87,83,88,25,25,25,42,145,144,143,1,85,88,83,26,26,26,42,142,146,147,1,87,89,2,27,27,27,42,143,142,147,1,83,87,2,28,28,28,42,148,149,145,1,82,90,85,29,29,29,42,147,146,148,1,2,89,82,30,30,30,42,149,148,146,1,90,82,89,31,31,31,42,145,149,144,1,85,90,88,32,32,32],
    "normals":[-1,0,-0,1,0,-0,0,1,-0,-0,0,1,-0,-1,-0,0,0,-1,-1,0,-0,1,0,-0,0,-0,-1,0,0,1,0,1,0,0,-1,-0,1,0,0,1,-0,-0,-0,1,-0,0,-1,0,-1,0,0,0,1,0,0.707107,-0.707107,-0,0.707107,0.707107,-0,-0.707107,0.707107,-0,-0.707107,-0.707107,-0,0,-0,1,0,-0,1,-0,-0,1,0,0,-1,-0,0,-1,-0,0,-1,0,0,-1,0,0,-1,0,0,-1,-0,0,-1,0,0,-1],
    "name":"object_5.003Geometry"
}