{
    "materials":[{
        "DbgName":"Material.014",
        "colorDiffuse":[1,1,1],
        "blending":"NormalBlending",
        "depthTest":true,
        "DbgColor":15597568,
        "specularCoef":50,
        "colorEmissive":[0,0,0],
        "transparent":false,
        "shading":"phong",
        "opacity":1,
        "wireframe":false,
        "colorSpecular":[0.5,0.5,0.5],
        "visible":true,
        "depthWrite":true,
        "DbgIndex":1
    },{
        "DbgName":"Material.013",
        "colorDiffuse":[0.304987,0.304987,0.304987],
        "blending":"NormalBlending",
        "depthTest":true,
        "DbgColor":15658734,
        "specularCoef":50,
        "colorEmissive":[0,0,0],
        "transparent":false,
        "shading":"phong",
        "opacity":1,
        "wireframe":false,
        "colorSpecular":[0.5,0.5,0.5],
        "visible":true,
        "depthWrite":true,
        "DbgIndex":0
    }],
    "vertices":[0.9,0,0,0.9,0,-0.6,0.9,0.02,-0.6,0.9,0.02,0,0.9,0,-0.6,0,0,-0.6,0,0.02,-0.6,0.9,0.02,-0.6,0,0,-0.6,0,0,0,0,0.02,0,0,0.02,-0.6,0,0,0,0.9,0,0,0.9,0.02,0,0,0.02,0,0.1,0,-0.075,0.075,0,-0.1,0.075,0.02,-0.1,0.1,0.02,-0.075,0.1,0,-0.125,0.1,0.02,-0.125,0.125,0,-0.1,0.125,0.02,-0.1,0.1,0,-0.075,0.1,0.02,-0.075,0.1,0,-0.075,0.125,0,-0.1,0.9,0,0,0.9,0,-0.6,0,0,0,0.075,0,-0.1,0.1,0,-0.125,0,0,-0.6,0.1,0.02,-0.075,0.9,0.02,0,0.125,0.02,-0.1,0.9,0.02,-0.6,0.075,0.02,-0.1,0,0.02,0,0.1,0.02,-0.125,0,0.02,-0.6,0.05,1,-0.28,0.05,1,-0.32,0.05,0.9,-0.32,0.05,0.9,-0.28,0.06,0.9,-0.32,0.06,1,-0.32,0.06,1,-0.28,0.06,0.9,-0.28,0.05,1,-0.28,0.05,0.9,-0.28,0.06,0.9,-0.28,0.06,1,-0.28,0.05,0.9,-0.28,0.05,0.9,-0.32,0.06,0.9,-0.32,0.06,0.9,-0.28,0.05,0.9,-0.32,0.05,1,-0.32,0.06,1,-0.32,0.06,0.9,-0.32,0.05,1,-0.32,0.05,1,-0.28,0.06,1,-0.28,0.06,1,-0.32,0,1,-0.28,0,1,-0.32,0,0.96044,-0.32,0,0.96044,-0.28,0.05,0.96044,-0.32,0.05,1,-0.32,0.05,1,-0.28,0.05,0.96044,-0.28,0,1,-0.28,0,0.96044,-0.28,0.05,0.96044,-0.28,0.05,1,-0.28,0,0.96044,-0.28,0,0.96044,-0.32,0.05,0.96044,-0.32,0.05,0.96044,-0.28,0,0.96044,-0.32,0,1,-0.32,0.05,1,-0.32,0.05,0.96044,-0.32,0,1,-0.32,0,1,-0.28,0.05,1,-0.28,0.05,1,-0.32,0.22,1.92,-0.2,0.42,1.92,-0.2,0.42,1.92,-0.4,0.22,1.92,-0.4,0.42,1.91,-0.4,0.42,1.91,-0.2,0.22,1.91,-0.2,0.22,1.91,-0.4,0.42,1.92,-0.2,0.22,1.92,-0.2,0.22,1.91,-0.2,0.42,1.91,-0.2,0.22,1.92,-0.2,0.22,1.92,-0.4,0.22,1.91,-0.4,0.22,1.91,-0.2,0.22,1.92,-0.4,0.42,1.92,-0.4,0.42,1.91,-0.4,0.22,1.91,-0.4,0.42,1.92,-0.4,0.42,1.92,-0.2,0.42,1.91,-0.2,0.42,1.91,-0.4,0,1.98,-0.28,0.3,1.98,-0.28,0.3,1.92,-0.28,0.34,1.92,-0.28,0.34,2.02,-0.28,0,2.02,-0.28,0,1.98,-0.32,0,2.02,-0.32,0.34,2.02,-0.32,0.34,1.92,-0.32,0.3,1.92,-0.32,0.3,1.98,-0.32,0,2.02,-0.28,0.34,2.02,-0.28,0.34,2.02,-0.32,0,2.02,-0.32,0.34,2.02,-0.28,0.34,1.92,-0.28,0.34,1.92,-0.32,0.34,2.02,-0.32,0.34,1.92,-0.28,0.3,1.92,-0.28,0.3,1.92,-0.32,0.34,1.92,-0.32,0.3,1.92,-0.28,0.3,1.98,-0.28,0.3,1.98,-0.32,0.3,1.92,-0.32,0.3,1.98,-0.28,0,1.98,-0.28,0,1.98,-0.32,0.3,1.98,-0.32,0,1.98,-0.28,0,2.02,-0.28,0,2.02,-0.32,0,1.98,-0.32],
    "metadata":{
        "materials":2,
        "vertices":150,
        "uvs":1,
        "faces":56,
        "normals":31,
        "generator":"io_three",
        "type":"Geometry",
        "morphTargets":0,
        "version":3
    },
    "morphTargets":[],
    "uvs":[[0,0,0.190049,0,0.190049,0.508196,0,0.508196,0.475123,0,0.475123,0.508196,0.665172,0,0.665172,0.508196,0.950245,0,0.950245,0.508196,0.962684,0,0.962684,0.508196,0.975123,0,0.975123,0.508196,0.987561,0,0.987561,0.508196,1,0,1,0.508196,0.031833,0.938525,0.039791,0.918033,0.286495,1,0.286495,0.508197,0,1,0.023875,0.918033,0.031833,0.897541,0,0.508197,0.031833,0.569672,0.039791,0.590164,0.023875,0.590164,0.031833,0.610656,0.357143,0.555556,0.357143,1,0,0.555556,0.642857,0.555556,1,0.555556,1,1,0.642857,1,0.357143,0,0.357143,0.555555,0,0.555555,0.5,0,0.5,0.555555,0.857143,0,0.857143,0.555555,1,0.555555,0.251382,1,0,0.693618,0.251382,0.693618,0.748618,1,0.748618,0.693618,1,0.693618,0.248618,0,0.248618,0.693617,0,0.693617,0.5,0.693617,0.748618,0,0.748618,0.693617,1,0.693617,0.25,1,0,0.512195,0.25,0.512195,0.75,1,0.75,0.512195,1,0.512195,0.25,0,0.25,0.512195,0,0.512195,0.5,0.512195,0.75,0,0.75,0.512195,1,0.512195,0.386364,0,0.386364,0.583333,0,0.583333,0.5,0.583333,0.545455,0,0.545455,0.583333,0.613636,0,0.613636,0.583333,0.954545,0,0.954545,0.583333,1,0.583333,0.340909,0.833333,0.340909,0.583334,0.386364,0.583334,0.386364,1,0,0.833333,0,0.583334,0.340909,1,0.340909,0.75,0,0.75]],
    "faces":[43,0,1,2,3,0,0,1,2,3,0,0,0,0,43,4,5,6,7,0,1,4,5,2,1,1,1,1,43,8,9,10,11,0,4,6,7,5,2,2,2,2,43,12,13,14,15,0,6,8,9,7,3,3,3,3,43,16,17,18,19,0,8,10,11,9,4,4,4,4,43,17,20,21,18,0,10,12,13,11,5,5,5,5,43,20,22,23,21,0,12,14,15,13,6,6,6,6,43,22,24,25,23,0,14,16,17,15,7,7,7,7,42,26,27,28,0,18,19,20,8,8,8,42,29,28,27,0,21,20,19,8,8,8,42,26,30,31,0,18,22,23,9,9,9,42,28,30,26,0,20,22,18,8,8,8,42,32,33,27,0,24,25,19,8,8,8,42,30,33,31,0,22,25,23,8,8,8,42,32,31,33,0,24,23,25,8,8,8,42,33,29,27,0,25,21,19,10,10,10,42,34,35,36,0,26,21,27,11,11,11,42,37,36,35,0,20,27,21,12,12,12,42,34,38,39,0,26,28,25,13,13,13,42,35,34,39,0,21,26,25,14,14,14,42,40,36,41,0,29,27,22,15,15,15,42,39,38,41,0,25,28,22,16,16,16,42,40,41,38,0,29,22,28,17,17,17,42,41,36,37,0,22,27,20,18,18,18,43,42,43,44,45,1,30,31,22,32,19,19,19,19,43,46,47,48,49,1,33,34,35,36,0,0,0,0,43,50,51,52,53,1,0,37,38,39,20,20,20,20,43,54,55,56,57,1,37,40,41,38,21,21,21,21,43,58,59,60,61,1,40,42,43,41,22,22,22,22,43,62,63,64,65,1,42,16,44,43,23,23,23,23,43,66,67,68,69,1,45,22,46,47,19,19,19,19,43,70,71,72,73,1,48,49,50,35,0,0,0,0,43,74,75,76,77,1,0,51,52,53,20,20,20,20,43,78,79,80,81,1,51,40,54,52,21,21,21,21,43,82,83,84,85,1,40,55,56,54,22,22,22,22,43,86,87,88,89,1,55,16,57,56,23,23,23,23,43,90,91,92,93,1,58,22,59,60,24,24,24,24,43,94,95,96,97,1,61,62,63,35,25,25,25,25,43,98,99,100,101,1,0,64,65,66,26,26,26,26,43,102,103,104,105,1,64,40,67,65,19,19,19,19,43,106,107,108,109,1,40,68,69,67,27,27,27,27,43,110,111,112,113,1,68,16,70,69,28,28,28,28,43,126,127,128,129,1,0,71,72,73,24,24,24,24,43,130,131,132,133,1,71,40,74,72,29,29,29,29,43,134,135,136,137,1,40,75,76,74,25,25,25,25,43,138,139,140,141,1,75,77,78,76,19,19,19,19,43,142,143,144,145,1,77,79,80,78,25,25,25,25,43,146,147,148,149,1,79,16,81,80,19,19,19,19,42,115,119,114,1,82,22,86,30,30,30,42,116,117,118,1,83,84,85,20,20,20,42,115,118,119,1,82,85,22,30,30,30,42,115,116,118,1,82,83,85,26,26,26,42,121,125,120,1,87,89,90,27,27,27,42,123,124,125,1,85,88,89,27,27,27,42,121,122,125,1,87,84,89,27,27,27,42,122,123,125,1,84,85,89,27,27,27],
    "normals":[1,0,-0,0,-1,0,-1,0,0,0,1,0,0.707107,-0.707107,-0,0.707107,0.707107,-0,-0.707107,0.707107,-0,-0.707107,-0.707107,-0,0,-0,1,0,-0,1,-0,-0,1,0,0,-1,-0,0,-1,-0,0,-1,0,0,-1,0,0,-1,0,0,-1,-0,0,-1,0,0,-1,-1,0,-0,0,1,-0,-0,0,1,-0,-1,-0,0,0,-1,0,-0,-1,0,0,1,0,1,0,0,-1,-0,1,0,0,1,-0,-0,-0,1,-0],
    "name":"object_3.008Geometry.251"
}