{
    "uvs":[[0,0,0.412371,0,0.412371,0.828282,0,0.828282,0.5,0,0.5,0.828282,0.912371,0,0.912371,0.828282,1,0,1,0.828282,0.412371,1,0,1,0,0.828283,0.412371,0.828283,1,0.828283,0.587629,1,0.587629,0.828283,1,1,0.45,0,0.45,0.824561,0,0.824561,0.5,0.824561,0.95,0,0.95,0.824561,1,0.824561,0.45,1,0,0.824562,0.45,0.824562,1,0.824562,0.55,1,0.55,0.824562,0.25,0,0.25,0.555555,0,0.555555,0.5,0.555555,0.75,0,0.75,0.555555,1,0.555555,0.25,1,0,0.555556,0.25,0.555556,1,0.555556,0.75,1,0.75,0.555556,0.1,0,0.1,0.545454,0,0.545454,0.5,0.545454,0.6,0,0.6,0.545454,1,0.545454,0.4,1,0,0.545455,0.4,0.545455,1,0.545455,0.6,1,0.6,0.545455,0.266667,0,0.266667,0.55414,0,0.55414,0.5,0.55414,0.766667,0,0.766667,0.55414,1,0.55414,0.266667,1,0,0.55414,0.266667,0.55414,1,0.55414,0.733333,1,0.733333,0.55414,0.25,0.807692,0,0.807692,0.5,0.807692,0.75,0.807692,1,0.807692,0,0.807692,0.25,0.807692,1,0.807692,0.75,0.807692,0.354839,0,0.354839,0.521276,0,0.521276,0.5,0.521276,0.854839,0,0.854839,0.521276,1,0.521276,0.354839,0.521277,0.354839,1,0,0.521277,0.645161,0.521277,1,0.521277,0.645161,1]],
    "name":"object_9Geometry.251",
    "morphTargets":[],
    "faces":[43,0,1,2,3,0,0,1,2,3,0,0,0,0,43,4,5,6,7,0,1,4,5,2,1,1,1,1,43,8,9,10,11,0,4,6,7,5,2,2,2,2,43,12,13,14,15,0,6,8,9,7,3,3,3,3,42,16,17,18,0,10,11,12,4,4,4,42,18,19,16,0,12,13,10,5,5,5,42,20,21,22,0,14,15,16,6,6,6,42,21,20,23,0,15,14,17,7,7,7,43,24,25,26,27,0,0,18,19,20,8,8,8,8,43,28,29,30,31,0,18,4,21,19,9,9,9,9,43,32,33,34,35,0,4,22,23,21,10,10,10,10,43,36,37,38,39,0,22,8,24,23,11,11,11,11,42,40,41,42,0,25,11,26,12,12,12,42,42,43,40,0,26,27,25,12,12,12,42,44,45,46,0,28,29,30,13,13,13,42,45,44,47,0,29,28,17,14,14,14,43,48,49,50,51,0,0,18,19,20,15,15,15,15,43,52,53,54,55,0,18,4,21,19,16,16,16,16,43,56,57,58,59,0,4,22,23,21,17,17,17,17,43,60,61,62,63,0,22,8,24,23,11,11,11,11,42,64,65,66,0,25,11,26,18,18,18,42,66,67,64,0,26,27,25,18,18,18,42,68,69,70,0,28,29,30,19,19,19,42,69,68,71,0,29,28,17,20,20,20,43,72,73,74,75,0,0,31,32,33,21,21,21,21,43,76,77,78,79,0,31,4,34,32,22,22,22,22,43,80,81,82,83,0,4,35,36,34,23,23,23,23,43,84,85,86,87,0,35,8,37,36,24,24,24,24,42,88,89,90,0,38,11,39,25,25,25,42,90,91,88,0,39,40,38,26,26,26,42,92,93,94,0,41,42,43,27,27,27,42,93,92,95,0,42,41,17,28,28,28,43,96,97,98,99,0,0,44,45,46,29,29,29,29,43,100,101,102,103,0,44,4,47,45,30,30,30,30,43,104,105,106,107,0,4,48,49,47,4,4,4,4,43,108,109,110,111,0,48,8,50,49,31,31,31,31,42,112,113,114,0,51,11,52,32,32,32,42,114,115,112,0,52,53,51,33,33,33,42,116,117,118,0,54,55,56,34,34,34,42,117,116,119,0,55,54,17,34,34,34,43,120,121,122,123,0,0,1,2,3,35,35,35,35,43,124,125,126,127,0,1,4,5,2,36,36,36,36,43,128,129,130,131,0,4,6,7,5,37,37,37,37,43,132,133,134,135,0,6,8,9,7,38,38,38,38,42,136,137,138,0,10,11,12,4,4,4,42,138,139,136,0,12,13,10,39,39,39,42,140,141,142,0,14,15,16,40,40,40,42,141,140,143,0,15,14,17,41,41,41,43,144,145,146,147,0,0,57,58,59,42,42,42,42,43,148,149,150,151,0,57,4,60,58,43,43,43,43,43,152,153,154,155,0,4,61,62,60,44,44,44,44,43,156,157,158,159,0,61,8,63,62,11,11,11,11,42,160,161,162,0,64,11,65,45,45,45,42,162,163,160,0,65,66,64,46,46,46,42,164,165,166,0,67,68,69,47,47,47,42,165,164,167,0,68,67,17,48,48,48,43,168,169,170,171,0,0,31,32,33,49,49,49,49,43,172,173,174,175,0,31,4,34,32,50,50,50,50,43,176,177,178,179,0,4,35,36,34,51,51,51,51,43,180,181,182,183,0,35,8,37,36,52,52,52,52,42,184,185,186,0,38,11,39,53,53,53,42,186,187,184,0,39,40,38,54,54,54,42,188,189,190,0,41,42,43,55,55,55,42,189,188,191,0,42,41,17,56,56,56,43,192,193,194,195,1,0,31,70,71,57,57,57,57,43,196,197,198,199,1,31,4,72,70,4,4,4,4,43,200,201,202,203,1,4,35,73,72,11,11,11,11,43,204,205,206,207,1,35,8,74,73,8,8,8,8,42,208,209,210,1,38,11,75,58,58,58,42,210,211,208,1,75,76,38,58,58,58,42,212,213,214,1,77,42,78,59,59,59,42,213,212,215,1,42,77,17,59,59,59,43,216,217,218,219,1,0,31,70,71,60,60,60,60,43,220,221,222,223,1,31,4,72,70,4,4,4,4,43,224,225,226,227,1,4,35,73,72,11,11,11,11,43,228,229,230,231,1,35,8,74,73,8,8,8,8,42,232,233,234,1,38,11,75,61,61,61,42,234,235,232,1,75,76,38,61,61,61,42,236,237,238,1,77,42,78,62,62,62,42,237,236,239,1,42,77,17,62,62,62,43,240,241,242,243,1,0,79,80,81,63,63,63,63,43,244,245,246,247,1,79,4,82,80,64,64,64,64,43,248,249,250,251,1,4,83,84,82,65,65,65,65,43,252,253,254,255,1,83,8,85,84,66,66,66,66,42,256,257,258,1,86,87,11,67,67,67,42,258,259,256,1,11,88,86,68,68,68,42,260,261,262,1,17,89,90,69,69,69,42,261,260,263,1,89,17,91,70,70,70,43,264,265,266,267,1,0,31,70,71,71,71,71,71,43,268,269,270,271,1,31,4,72,70,72,72,72,72,43,272,273,274,275,1,4,35,73,72,11,11,11,11,43,276,277,278,279,1,35,8,74,73,73,73,73,73,42,280,281,282,1,38,11,75,74,74,74,42,282,283,280,1,75,76,38,75,75,75,42,284,285,286,1,77,42,78,76,76,76,42,285,284,287,1,42,77,17,76,76,76,43,288,289,290,291,1,0,31,70,71,57,57,57,57,43,292,293,294,295,1,31,4,72,70,77,77,77,77,43,296,297,298,299,1,4,35,73,72,11,11,11,11,43,300,301,302,303,1,35,8,74,73,78,78,78,78,42,304,305,306,1,38,11,75,79,79,79,42,306,307,304,1,75,76,38,80,80,80,42,308,309,310,1,77,42,78,81,81,81,42,309,308,311,1,42,77,17,82,82,82],
    "materials":[{
        "transparent":false,
        "depthTest":true,
        "DbgColor":15597568,
        "DbgIndex":1,
        "visible":true,
        "DbgName":"Material.002",
        "opacity":1,
        "colorDiffuse":[0.688084,0.757311,0.704393],
        "shading":"phong",
        "colorSpecular":[0.5,0.5,0.5],
        "blending":"NormalBlending",
        "colorEmissive":[0,0,0],
        "depthWrite":true,
        "wireframe":false,
        "specularCoef":50
    },{
        "transparent":false,
        "depthTest":true,
        "DbgColor":15658734,
        "DbgIndex":0,
        "visible":true,
        "DbgName":"Material.001",
        "opacity":1,
        "colorDiffuse":[0.5,0.414027,0.324556],
        "shading":"phong",
        "colorSpecular":[0.5,0.5,0.5],
        "blending":"NormalBlending",
        "colorEmissive":[0,0,0],
        "depthWrite":true,
        "wireframe":false,
        "specularCoef":50
    }],
    "normals":[-0,-0,-1,0,-1,-0,0,0,1,-0,1,-0,1,0,-0,1,-0,-0,-1,-0,1e-06,-1,0,-0,-1,0,0,-0,1,-0,1,0,-0,0,-1,0,0,0,1,0,-0,-1,0,-0,-1,-1,-0,0,-0,1,-0,1,0,-0,0,0,1,0,-0,-1,0,-0,-1,-0.638225,-0.76985,-0,-0.76985,0.638225,1e-06,0.638225,0.76985,-0,0.76985,-0.638225,-0,0,-0,1,0,0,1,-0,0,-1,-0,-0,-1,-1,-0,0,0,0,1,-0,0,-1,0,-1,0,0,-1,0,-0,1,-0,-0,-0,-1,0,-1,-0,0,0,1,-0,1,-0,1,0,-0,-1,-0,0,-1,-0,0,-1,-0,0,-0,1,-0,1,0,-0,0,0,1,0,0,1,-0,-0,-1,-0,-0,-1,-0.737224,0.675649,0,0.376808,0.411148,0.830044,0.737224,-0.675649,0,-0.376808,-0.411148,-0.830044,-0.560819,-0.611928,0.557697,-0.560818,-0.611928,0.557697,0.560818,0.611928,-0.557697,0.560818,0.611928,-0.557698,0,1,-0,0,0,1,-0,0,-1,-0,1,-0,0,0,1,-0,0,-1,0,-1,-0,1,0,0,-0,1,-0,-1,-0,0,-0,-0,-1,-0,-0,-1,0,0,1,0,0,1,-0,1,-0,1,0,-0,-1,0,0,0,0,1,0,0,1,-0,0,-1,1,0,-0,-1,-0,0,0,0,1,0,0,1,-0,0,-1,-0,-0,-1],