{
    "metadata":{
        "uvs":1,
        "type":"Geometry",
        "version":3,
        "vertices":216,
        "generator":"io_three",
        "normals":32,
        "faces":78
    },
    "name":"object_1.001Geometry",
    "uvs":[[0,0,0.21875,0,0.21875,0.513184,0,0.513184,0.234375,0,0.234375,0.513184,0.25,0,0.25,0.513184,0.46875,0,0.46875,0.513184,0.484375,0,0.484375,0.513184,0.5,0,0.5,0.513184,0.71875,0,0.71875,0.513184,0.734375,0,0.734375,0.513184,0.75,0,0.75,0.513184,0.96875,0,0.96875,0.513184,0.984375,0,0.984375,0.513184,1,0,1,0.513184,0.234375,1,0.015625,1,0.015625,0.969574,0.015625,0.543611,0,0.969574,0,0.543611,0.234375,0.543611,0.015625,0.513185,0.234375,0.969574,0.25,0.969574,0.25,0.543611,0.234375,0.513185,0.5,0.206868,0.5,0.166667,0.9375,0.166667,0.9375,0.206868,0.5,0.290202,0.5,0.25,0.9375,0.25,0.9375,0.290202,0.5,0.165202,0.5,0.125,0.9375,0.125,0.9375,0.165202,0.5,0.248535,0.5,0.208333,0.9375,0.208333,0.9375,0.248535,0.967377,0.322825,0.967377,0.759043,0.998535,0.759043,0.998535,0.322825,0.967377,0.291667,0.531158,0.291667,0.531158,0.322825,0.5,0.322825,0.5,0.759043,0.531158,0.759043,0.967377,0.790202,0.531158,0.790202,0.031158,0.03125,0.031158,0,0.467377,0,0.467377,0.03125,0.031158,0.46875,0,0.46875,0,0.03125,0.031158,0.5,0.467377,0.46875,0.467377,0.5,0.498535,0.03125,0.498535,0.46875,0.78631,0.061035,0.77381,0.03125,0.78631,0.03125,0.732143,0.03125,0.732143,0.061035,0.616071,0.090278,0.670238,0.090278,0.657738,0.121528,0.616071,0.121528,0.670238,0.121528,0.933036,0.092285,0.964286,0.092285,0.964286,0.0625,0.933036,0.0625,0.866071,0.092285,0.866071,0.0625,0.897321,0.0625,0.897321,0.092285,0.5,0.054091,0.5,0.041667,0.53125,0.041667,0.53125,0.054091,0.616071,0.026313,0.616071,0.013889,0.647321,0.013889,0.647321,0.026313,0.670238,0.086806,0.657738,0.055556,0.670238,0.055556,0.616071,0.055556,0.616071,0.086806,0.732143,0,0.78631,0,0.77381,0.029785,0.732143,0.029785,0.78631,0.029785,0.933036,0.123535,0.964286,0.123535,0.964286,0.09375,0.933036,0.09375,0.866071,0.123535,0.866071,0.09375,0.897321,0.09375,0.897321,0.123535,0.5,0.040202,0.5,0.027778,0.53125,0.027778,0.53125,0.040202,0.616071,0.012424,0.616071,0,0.647321,0,0.647321,0.012424,0.5,0.055556,0.554167,0.055556,0.541667,0.086806,0.5,0.086806,0.554167,0.086806,0.920238,0.061035,0.907738,0.03125,0.920238,0.03125,0.866071,0.03125,0.866071,0.061035,0.799107,0.092285,0.830357,0.092285,0.830357,0.0625,0.799107,0.0625,0.732143,0.092285,0.732143,0.0625,0.763393,0.0625,0.763393,0.092285,0.616071,0.054091,0.616071,0.041667,0.647321,0.041667,0.647321,0.054091,0.5,0.026313,0.5,0.013889,0.53125,0.013889,0.53125,0.026313,0.554167,0.121528,0.541667,0.090278,0.554167,0.090278,0.5,0.090278,0.5,0.121528,0.866071,0,0.920238,0,0.907738,0.029785,0.866071,0.029785,0.920238,0.029785,0.799107,0.123535,0.830357,0.123535,0.830357,0.09375,0.799107,0.09375,0.732143,0.123535,0.732143,0.09375,0.763393,0.09375,0.763393,0.123535,0.5,0.012424,0.53125,0,0.53125,0.012424,0.616071,0.040202,0.616071,0.027778,0.647321,0.027778,0.647321,0.040202]],
    "vertices":[2.25,-0,-2.4,0.15,-0,-2.4,0.15,0.13,-2.4,2.25,0.13,-2.4,0.15,-0,-2.4,0.15,-0,-2.25,0.15,0.13,-2.25,0.15,0.13,-2.4,0.15,-0,-2.25,0,-0,-2.25,0,0.13,-2.25,0.15,0.13,-2.25,0,-0,-2.25,0,-0,-0.15,0,0.13,-0.15,0,0.13,-2.25,0,-0,-0.15,0.15,-0,-0.15,0.15,0.13,-0.15,0,0.13,-0.15,0.15,-0,-0.15,0.15,-0,-0,0.15,0.13,0,0.15,0.13,-0.15,0.15,-0,-0,2.25,-0,-0,2.25,0.13,0,0.15,0.13,0,2.25,-0,-0,2.25,-0,-0.15,2.25,0.13,-0.15,2.25,0.13,0,2.25,-0,-0.15,2.4,-0,-0.15,2.4,0.13,-0.15,2.25,0.13,-0.15,2.4,-0,-0.15,2.4,-0,-2.25,2.4,0.13,-2.25,2.4,0.13,-0.15,2.4,-0,-2.25,2.25,-0,-2.25,2.25,0.13,-2.25,2.4,0.13,-2.25,2.25,-0,-2.25,2.25,-0,-2.4,2.25,0.13,-2.4,2.25,0.13,-2.25,2.25,-0,-0,0.15,-0,-0,0.15,-0,-0.15,0.15,-0,-2.25,0,-0,-0.15,0,-0,-2.25,2.25,-0,-2.25,0.15,-0,-2.4,2.25,-0,-0.15,2.4,-0,-0.15,2.4,-0,-2.25,2.25,-0,-2.4,2.25,0.13,0,0.15,0.13,-0.15,0.15,0.13,0,0.15,0.13,-2.25,0,0.13,-0.15,0,0.13,-2.25,2.25,0.13,-2.25,0.15,0.13,-2.4,2.25,0.13,-0.15,2.4,0.13,-0.15,2.4,0.13,-2.25,2.25,0.13,-2.4,2.4,0.13,-2.25,2.4,0.33,-2.25,2.4,0.33,-0.15,2.4,0.13,-0.15,2.25,0.13,0,2.25,0.33,0,0.15,0.33,0,0.15,0.13,0,0,0.13,-0.15,0,0.33,-0.15,0,0.33,-2.25,0,0.13,-2.25,0.15,0.13,-2.4,0.15,0.33,-2.4,2.25,0.33,-2.4,2.25,0.13,-2.4,0.15,0.33,-2.25,2.25,0.33,-2.25,2.25,0.33,-2.4,0.15,0.33,-2.4,0,0.33,-2.25,0,0.33,-0.15,0.15,0.33,-0.15,0.15,0.33,0,2.25,0.33,0,2.25,0.33,-0.15,2.4,0.33,-2.25,2.4,0.33,-0.15,0.15,0.13,-2.25,0.15,0.13,-2.4,2.25,0.13,-2.4,2.25,0.13,-2.25,0.15,0.13,-0.15,0,0.13,-0.15,0,0.13,-2.25,0.15,0.13,0,2.25,0.13,-0.15,2.25,0.13,0,2.4,0.13,-2.25,2.4,0.13,-0.15,2.4,0.07,-2.4,2.4,0.13,-2.25,2.4,0.07,-2.25,2.4,0.33,-2.25,2.4,0.33,-2.4,2.4,0.33,-2.4,2.4,0.07,-2.4,2.25,0.13,-2.4,2.25,0.33,-2.4,2.25,0.07,-2.4,2.25,0.07,-2.4,2.4,0.07,-2.4,2.4,0.07,-2.25,2.25,0.07,-2.25,2.25,0.33,-2.4,2.25,0.33,-2.25,2.4,0.33,-2.25,2.4,0.33,-2.4,2.25,0.13,-2.25,2.25,0.07,-2.25,2.4,0.07,-2.25,2.4,0.13,-2.25,2.25,0.13,-2.4,2.25,0.07,-2.4,2.25,0.07,-2.25,2.25,0.13,-2.25,2.4,0.07,0,2.25,0.13,0,2.25,0.07,0,2.25,0.33,0,2.4,0.33,0,2.4,0.33,0,2.4,0.07,0,2.4,0.13,-0.15,2.4,0.33,-0.15,2.4,0.07,-0.15,2.25,0.07,-0.15,2.4,0.07,-0.15,2.4,0.07,0,2.25,0.07,0,2.25,0.33,-0.15,2.25,0.33,0,2.4,0.33,0,2.4,0.33,-0.15,2.4,0.13,-0.15,2.4,0.07,-0.15,2.25,0.07,-0.15,2.25,0.13,-0.15,2.25,0.13,-0.15,2.25,0.07,-0.15,2.25,0.07,0,2.25,0.13,0,-0,0.33,0,-0,0.07,0,0.15,0.13,0,0.15,0.33,0,0.15,0.07,0,-0,0.07,0,0,0.13,-0.15,-0,0.07,-0.15,0,0.33,-0.15,-0,0.33,0,-0,0.07,-0.15,0.15,0.07,-0.15,0.15,0.07,0,-0,0.07,0,0,0.33,-0.15,-0,0.33,0,0.15,0.33,0,0.15,0.33,-0.15,0.15,0.13,0,0.15,0.07,0,0.15,0.07,-0.15,0.15,0.13,-0.15,0.15,0.13,-0.15,0.15,0.07,-0.15,-0,0.07,-0.15,0,0.13,-0.15,-0,0.07,-2.4,0.15,0.13,-2.4,0.15,0.07,-2.4,0.15,0.33,-2.4,-0,0.33,-2.4,-0,0.33,-2.4,-0,0.07,-2.4,0,0.13,-2.25,0,0.33,-2.25,-0,0.07,-2.25,-0,0.07,-2.4,0.15,0.07,-2.4,0.15,0.07,-2.25,-0,0.07,-2.25,-0,0.33,-2.4,0,0.33,-2.25,0.15,0.33,-2.25,0.15,0.33,-2.4,0,0.13,-2.25,-0,0.07,-2.25,0.15,0.07,-2.25,0.15,0.13,-2.25,0.15,0.13,-2.25,0.15,0.07,-2.25,0.15,0.07,-2.4,0.15,0.13,-2.4],
    "normals":[0,-1,0,-1,0,0,0,-1,0,-1,0,0,0,1,0,0,1,0,1,0,-0,1,0,-0,0,-0,1,-0,-0,1,0,0,-1,0,0,-1,-0,0,-1,0,1,0,-1,0,-0,-0,-1,-0,0,0,-1,0,0,-1,0,0,-1,0,-0,1,0,-0,1,1,0,0,1,-0,-0,0,-1,-0,0,1,-0,-1,-0,-0,-1,0,-0,-1,-0,-0,0,-0,1,0,0,-1,-1,0,-0,-1,0,-0],