{
    "metadata":{
        "generator":"io_three",
        "morphTargets":2,
        "uvs":0,
        "normals":8,
        "faces":6,
        "materials":1,
        "type":"Geometry",
        "version":3,
        "vertices":8
    },
    "normals":[0.577349,-0.577349,-0.577349,0.577349,-0.577349,0.577349,-0.577349,-0.577349,0.577349,-0.577349,-0.577349,-0.577349,0.577349,0.577349,-0.577349,-0.577349,0.577349,-0.577349,-0.577349,0.577349,0.577349,0.577349,0.577349,0.577349],
    "vertices":[0.2,0,0,0.2,0,0.6,-0,0,0.6,0,-0,-0,0.2,2.5,0,0.2,2.5,0.6,-0,2.5,0.6,0,2.5,-0],
    "name":"Cube.002Geometry.3",
    "morphTargets":[{
        "vertices":[0.2,0,0,0.2,0,0.6,-0,0,0.6,0,-0,-0,0.2,1.5,0,0.2,1.5,0.6,-0,1.5,0.6,0,1.5,-0],
        "name":"animation_000000"
    },{
        "vertices":[0.2,0,0,0.2,0,0.6,-0,0,0.6,0,-0,-0,0.2,2.5,0,0.2,2.5,0.6,-0,2.5,0.6,0,2.5,-0],
        "name":"animation_000001"
    }],
    "uvs":[],
    "materials":[{
        "colorEmissive":[0,0,0],
        "opacity":1,
        "visible":true,
        "shading":"lambert",
        "depthWrite":true,
        "blending":"NormalBlending",
        "transparent":false,
        "wireframe":false,
        "colorDiffuse":[1,1,1],
        "DbgIndex":0,
        "DbgName":"Material",
        "depthTest":true,
        "DbgColor":15658734
    }],
    "faces":[35,0,1,2,3,0,0,1,2,3,35,4,7,6,5,0,4,5,6,7,35,0,4,5,1,0,0,4,7,1,35,1,5,6,2,0,1,7,6,2,35,2,6,7,3,0,2,6,5,3,35,4,0,3,7,0,4,0,3,5]
}