{
    "faces":[43,0,1,2,3,0,0,1,2,3,0,1,2,3,43,3,2,4,5,0,4,5,6,7,3,2,4,5,43,5,4,6,7,0,8,9,10,11,5,4,6,7,43,1,0,7,6,0,14,15,12,13,1,0,7,6,42,8,9,1,0,16,17,18,8,9,1,43,1,9,10,2,0,18,17,19,20,1,9,10,2,42,6,8,1,0,21,16,18,6,8,1,42,11,12,6,0,22,23,21,8,9,6,42,8,6,12,0,16,21,23,8,6,9,42,13,11,6,0,24,22,21,11,8,6,43,14,15,8,12,0,25,26,16,23,10,11,8,9,42,15,2,10,0,26,20,19,11,2,10,42,4,2,15,0,27,20,26,4,2,11,42,13,4,14,0,24,27,25,11,4,10,42,15,14,4,0,26,25,27,11,10,4,42,6,4,13,0,21,27,24,6,4,11,42,16,0,17,0,28,29,30,12,0,13,43,0,3,18,17,0,29,31,32,30,0,3,14,13,42,7,0,16,0,33,29,28,7,0,12,42,19,7,20,0,34,33,35,12,7,13,42,16,20,7,0,28,35,33,12,13,7,42,21,7,19,0,36,33,34,15,7,12,43,22,20,16,23,0,37,35,28,38,14,13,12,15,42,23,18,3,0,38,32,31,15,14,3,42,5,23,3,0,39,38,31,5,15,3,42,21,22,5,0,36,37,39,15,14,5,42,23,5,22,0,38,39,37,15,5,14,42,7,21,5,0,33,36,39,7,15,5,43,17,18,24,25,0,40,41,42,43,13,14,7,5,43,18,23,26,24,0,44,45,46,47,14,15,0,7,43,23,16,27,26,0,48,49,50,51,15,12,3,0,43,16,17,25,27,0,52,53,54,55,12,13,5,3,43,27,25,24,26,0,56,57,58,59,3,5,7,0,43,20,22,28,29,0,60,61,62,63,13,14,7,5,43,22,21,30,28,0,64,65,66,67,14,15,0,7,43,21,19,31,30,0,68,69,70,71,15,12,3,0,43,19,20,29,31,0,72,73,74,75,12,13,5,3,43,31,29,28,30,0,76,77,78,79,3,5,7,0,43,32,33,34,35,0,80,81,82,83,2,1,6,4,43,35,34,14,12,0,84,85,86,87,4,6,10,9,43,34,33,13,14,0,88,89,90,91,6,1,11,10,43,33,32,11,13,0,92,93,94,95,1,2,8,11,43,32,35,12,11,0,96,97,98,99,2,4,9,8,43,36,37,38,39,0,100,101,102,103,2,1,6,4,43,39,38,10,9,0,104,105,106,107,4,6,10,9,43,38,37,15,10,0,108,109,110,111,6,1,11,10,43,37,36,8,15,0,112,113,114,115,1,2,8,11,43,36,39,9,8,0,116,117,118,119,2,4,9,8],
    "morphTargets":[{
        "vertices":[-1e-06,-0,-0,0,0,0,-0,0,0.3,-1e-06,0,0.3,0.3,0,0.3,0.299999,0,0.3,0.3,0,0,0.299999,0,0,0.122,0,0.075,0.086,0,0.075,0.086,0,0.225,0.282,0,0.075,0.246,0,0.075,0.282,0,0.225,0.246,0,0.225,0.122,0,0.225,0.121999,0,0.075,0.085999,0,0.075,0.085999,0,0.225,0.281999,0,0.075,0.245999,0,0.075,0.281999,0,0.225,0.245999,0,0.225,0.121999,0,0.225,0.085999,-0.05,0.225,0.085999,-0.05,0.075,0.121999,-0.05,0.225,0.121999,-0.05,0.075,0.245999,-0.05,0.225,0.246,-0.05,0.075,0.281999,-0.05,0.225,0.281999,-0.05,0.075,0.282,0.05,0.075,0.282,0.05,0.225,0.246,0.05,0.225,0.246,0.05,0.075,0.122,0.05,0.075,0.122,0.05,0.225,0.086,0.05,0.225,0.086,0.05,0.075],
        "name":"animation_000000"
    },{
        "vertices":[-1e-06,1,-0,0,0,0,-0,0,0.3,-1e-06,1,0.3,0.3,0,0.3,0.299999,1,0.3,0.3,0,0,0.299999,1,-0,0.122,0,0.075,0.086,0,0.075,0.086,0,0.225,0.282,0,0.075,0.246,0,0.075,0.282,0,0.225,0.246,0,0.225,0.122,0,0.225,0.121999,1,0.075,0.085999,1,0.075,0.085999,1,0.225,0.281999,1,0.075,0.245999,1,0.075,0.281999,1,0.225,0.245999,1,0.225,0.121999,1,0.225,0.085999,0.95,0.225,0.085999,0.95,0.075,0.121999,0.95,0.225,0.121999,0.95,0.075,0.245999,0.95,0.225,0.246,0.95,0.075,0.281999,0.95,0.225,0.281999,0.95,0.075,0.282,0.05,0.075,0.282,0.05,0.225,0.246,0.05,0.225,0.246,0.05,0.075,0.122,0.05,0.075,0.122,0.05,0.225,0.086,0.05,0.225,0.086,0.05,0.075],
        "name":"animation_000001"
    }],
    "uvs":[[0.166667,0.392857,0.998535,0.392857,0.998535,0.47619,0.166667,0.47619,0.166667,0.654762,0.998535,0.654762,0.998535,0.738095,0.166667,0.738095,0.083333,0.915202,0.083333,0.083333,0.165202,0.083333,0.165202,0.915202,0,0.915202,0,0.083333,0.081868,0.083333,0.081868,0.915202,0.549444,0.151786,0.559444,0.151786,0.583333,0.130952,0.559444,0.193452,0.583333,0.214286,0.5,0.130952,0.505,0.151786,0.515,0.151786,0.505,0.193452,0.515,0.193452,0.549444,0.193452,0.5,0.214286,0.074887,0.033293,0.054054,0,0.074887,0.023469,0.137387,0,0.116554,0.023469,0.054054,0.081868,0.074887,0.076956,0.074887,0.067132,0.116554,0.076956,0.116554,0.067132,0.116554,0.033293,0.137387,0.081868,0.25,0.157143,0.25,0.19881,0.263889,0.19881,0.263889,0.157143,0.25,0.013889,0.26,0.013889,0.26,0,0.25,0,0.166667,0.157143,0.166667,0.19881,0.180556,0.19881,0.180556,0.157143,0.166667,0.013889,0.176667,0.013889,0.176667,0,0.166667,0,0.013514,0,0.023514,0,0.023514,0.041667,0.013514,0.041667,0.416667,0.157143,0.416667,0.19881,0.430556,0.19881,0.430556,0.157143,0.25,0.09246,0.26,0.09246,0.26,0.078571,0.25,0.078571,0.333333,0.157143,0.333333,0.19881,0.347222,0.19881,0.347222,0.157143,0.166667,0.09246,0.176667,0.09246,0.176667,0.078571,0.166667,0.078571,0.040541,0,0.050541,0,0.050541,0.041667,0.040541,0.041667,0.027027,0,0.027027,0.041667,0.037027,0.041667,0.037027,0,0.625,0,0.625,0.041667,0.638889,0.041667,0.638889,0,0.416667,0.09246,0.426667,0.09246,0.426667,0.078571,0.416667,0.078571,0.5,0,0.5,0.041667,0.513889,0.041667,0.513889,0,0.333333,0.09246,0.343333,0.09246,0.343333,0.078571,0.333333,0.078571,0,0,0,0.041667,0.01,0.041667,0.01,0,0.875,0,0.875,0.041667,0.888889,0.041667,0.888889,0,0.416667,0.013889,0.426667,0.013889,0.426667,0,0.416667,0,0.75,0,0.75,0.041667,0.763889,0.041667,0.763889,0,0.333333,0.013889,0.343333,0.013889,0.343333,0,0.333333,0]],
    "normals":[-0.577349,0.577349,-0.577349,-0.577349,-0.577349,-0.577349,-0.577349,-0.577349,0.577349,-0.577349,0.577349,0.577349,0.577349,-0.577349,0.577349,0.577349,0.577349,0.577349,0.577349,-0.577349,-0.577349,0.577349,0.577349,-0.577349,-0.301492,-0.904508,0.301492,0.301492,-0.904508,0.301492,0.301492,-0.904508,-0.301492,-0.301492,-0.904508,-0.301492,-0.301492,0.904508,0.301492,0.301492,0.904508,0.301492,0.301492,0.904508,-0.301492,-0.301492,0.904508,-0.301492],
    "vertices":[-1e-06,1,-0,0,0,0,-0,0,0.3,-1e-06,1,0.3,0.3,0,0.3,0.299999,1,0.3,0.3,0,0,0.299999,1,-0,0.122,0,0.075,0.086,0,0.075,0.086,0,0.225,0.282,0,0.075,0.246,0,0.075,0.282,0,0.225,0.246,0,0.225,0.122,0,0.225,0.121999,1,0.075,0.085999,1,0.075,0.085999,1,0.225,0.281999,1,0.075,0.245999,1,0.075,0.281999,1,0.225,0.245999,1,0.225,0.121999,1,0.225,0.085999,0.95,0.225,0.085999,0.95,0.075,0.121999,0.95,0.225,0.121999,0.95,0.075,0.245999,0.95,0.225,0.246,0.95,0.075,0.281999,0.95,0.225,0.281999,0.95,0.075,0.282,0.05,0.075,0.282,0.05,0.225,0.246,0.05,0.225,0.246,0.05,0.075,0.122,0.05,0.075,0.122,0.05,0.225,0.086,0.05,0.225,0.086,0.05,0.075],
    "name":"object_1Geometry.5",
    "metadata":{
        "faces":48,
        "uvs":1,
        "normals":16,
        "version":3,
        "morphTargets":2,
        "vertices":40,
        "generator":"io_three",
        "type":"Geometry",
        "materials":1
    },
    "materials":[{
        "blending":"NormalBlending",
        "colorSpecular":[0.5,0.5,0.5],
        "depthWrite":true,
        "opacity":1,
        "wireframe":false,
        "DbgColor":15658734,
        "shading":"phong",
        "colorDiffuse":[0.64,0.64,0.64],
        "specularCoef":50,
        "transparent":false,
        "visible":true,
        "depthTest":true,
        "DbgIndex":0,
        "colorEmissive":[0,0,0],
        "DbgName":"Material.001"
    }]
}