{
    "faces":[43,0,1,2,3,0,0,1,2,3,0,1,2,3,43,1,4,5,2,0,1,4,5,2,1,4,5,2,43,4,6,7,5,0,4,6,7,5,4,6,7,5,43,6,0,3,7,0,6,8,9,7,6,0,3,7,42,1,0,6,0,10,11,12,1,0,6,42,6,4,1,0,12,13,10,6,4,1,42,2,7,3,0,14,15,16,2,7,3,42,7,2,5,0,15,14,17,7,2,5,42,8,9,10,1,18,19,20,8,9,5,42,11,10,9,1,21,20,19,10,5,9,43,12,13,14,8,1,22,23,24,18,11,6,12,8,42,10,12,8,1,20,22,18,5,11,8,43,11,14,13,15,1,21,24,23,25,10,12,6,7,42,10,11,15,1,20,21,25,5,10,7,43,14,11,16,17,1,26,27,28,29,12,10,13,14,43,18,19,17,16,1,30,31,32,33,3,0,14,13,43,16,20,21,18,1,33,34,35,30,13,15,2,3,43,19,22,23,17,1,31,36,37,32,0,1,16,14,43,20,23,22,21,1,34,37,36,35,15,16,1,2,43,23,20,9,8,1,38,0,39,40,16,15,9,8,43,20,16,11,9,1,41,42,43,44,15,13,10,9,43,23,8,14,17,1,45,46,47,48,16,8,12,14,43,18,21,10,15,1,49,50,51,52,3,2,5,7,43,19,18,15,13,1,53,54,55,56,0,3,7,6,43,22,19,13,12,1,57,58,59,60,1,0,6,11,43,21,22,12,10,1,61,62,63,64,2,1,11,5],
    "normals":[-0.577349,0.577349,-0.577319,0.577349,0.577349,-0.577319,0.577349,-0.577319,-0.577349,-0.577349,-0.577319,-0.577349,0.577349,0.577319,0.577349,0.577349,-0.577349,0.577319,-0.577349,0.577319,0.577349,-0.577349,-0.577349,0.577319,-0.205573,-0.787103,0.5815,-0.707083,0.707083,0,0.787103,0.205573,0.5815,0.577349,0.577349,0.577349,0,0,1,0.007508,0.671346,-0.741081,0.574328,-0.549577,-0.606677,-0.010132,0.050874,-0.998627,-0.687002,-0.036958,-0.725669],
    "metadata":{
        "version":3,
        "normals":17,
        "uvs":1,
        "morphTargets":7,
        "type":"Geometry",
        "faces":26,
        "generator":"io_three",
        "vertices":24,
        "materials":2
    },
    "name":"object_1Geometry",
    "uvs":[[0,0,0.40895,0,0.40895,1,0,1,0.49074,0,0.49074,1,0.89969,0,0.89969,1,0.981481,0,0.981481,1,1,0,1,0.172414,0.981481,0.172414,0.981481,0,1,1,0.981481,0.827586,1,0.827586,0.981481,1,0.0625,0.625,0.998535,0.625,0.982935,0.640625,0.998535,0.8125,0.078101,0.640625,0.078101,0.796875,0.0625,0.8125,0.982935,0.796875,0.03125,0.936035,0.03125,0,0.061035,0,0.061035,0.936035,0.982935,0.328125,0.078101,0.328125,0.0625,0.3125,0.998535,0.3125,0.998535,0.5,0.982935,0.484375,0.078101,0.484375,0.0625,0.5,0,0.936035,0.029785,0,0.029785,0.936035,0.0625,0.1875,0.25,0.1875,0.25,0.15625,0.0625,0.15625,0.0625,0.135417,0.0625,0.104167,0.25,0.104167,0.25,0.135417,0.0625,0.083333,0.21875,0.083333,0.21875,0.052083,0.0625,0.052083,0.0625,0.291667,0.96875,0.291667,0.96875,0.260417,0.0625,0.260417,0.0625,0.03125,0.21875,0.03125,0.21875,0,0.0625,0,0.0625,0.239583,0.96875,0.239583,0.96875,0.208333,0.0625,0.208333]],
    "vertices":[-0.025,0.025,0.04,0.025,0.025,0.04,0.025,-0.025,0.04,-0.025,-0.025,0.04,0.025,0.025,0.06,0.025,-0.025,0.06,-0.025,0.025,0.06,-0.025,-0.025,0.06,0,-0,-0,0,0,0,-0.025,0.025,-0,0,-0,-0,-0.025,-0.025,-0,0.025,-0.025,-0,0,-0,-0,0.025,0.025,-0,0,0,0.1,0,0,0.1,0.025,0.025,0.1,0.025,-0.025,0.1,-0,0,0.1,-0.025,0.025,0.1,-0.025,-0.025,0.1,-0,0,0.1],
    "materials":[{
        "depthWrite":true,
        "depthTest":true,
        "opacity":0.2,
        "DbgColor":15597568,
        "blending":"NormalBlending",
        "DbgIndex":1,
        "transparent":true,
        "visible":true,
        "wireframe":false,
        "DbgName":"glass",
        "shading":"lambert",
        "colorEmissive":[0,0,0],
        "colorDiffuse":[0.607865,0.682493,0.8]
    },{
        "colorSpecular":[0.5,0.5,0.5],
        "depthWrite":true,
        "depthTest":true,
        "opacity":1,
        "specularCoef":50,
        "DbgColor":15658734,
        "blending":"NormalBlending",
        "DbgIndex":0,
        "transparent":false,
        "visible":true,
        "wireframe":false,
        "DbgName":"Material.001",
        "shading":"phong",
        "colorEmissive":[0,0,0],
        "colorDiffuse":[0.64,0.64,0.64]
    }],
    "morphTargets":[{
        "name":"animation_000000",
        "vertices":[-0.025,0.025,0.04,0.025,0.025,0.04,0.025,-0.025,0.04,-0.025,-0.025,0.04,0.025,0.025,0.06,0.025,-0.025,0.06,-0.025,0.025,0.06,-0.025,-0.025,0.06,0,-0,-0,0,0,0,-0.025,0.025,-0,0,-0,-0,-0.025,-0.025,-0,0.025,-0.025,-0,0,-0,-0,0.025,0.025,-0,0,0,0.1,0,0,0.1,0.025,0.025,0.1,0.025,-0.025,0.1,-0,0,0.1,-0.025,0.025,0.1,-0.025,-0.025,0.1,-0,0,0.1]
    },{
        "name":"animation_000001",
        "vertices":[-0.025,0.025,0.04,-0.575,0.025,0.04,-0.575,-0.025,0.04,-0.025,-0.025,0.04,-0.575,0.025,0.06,-0.575,-0.025,0.06,-0.025,0.025,0.06,-0.025,-0.025,0.06,0,-0,-0,0,0,0,-0.025,0.025,-0,-0.6,-0,-0,-0.025,-0.025,-0,-0.575,-0.025,-0,-0.6,-0,-0,-0.575,0.025,-0,-0.6,0,0.1,-0.6,0,0.1,-0.575,0.025,0.1,-0.575,-0.025,0.1,-0,0,0.1,-0.025,0.025,0.1,-0.025,-0.025,0.1,-0,0,0.1]
    },{
        "name":"animation_000002",
        "vertices":[-0.025,0.025,0.04,0.025,0.025,0.04,0.025,0.975,0.04,-0.025,0.975,0.04,0.025,0.025,0.06,0.025,0.975,0.06,-0.025,0.025,0.06,-0.025,0.975,0.06,0,1,-0,0,0,0,-0.025,0.025,-0,0,-0,-0,-0.025,0.975,-0,0.025,0.975,-0,0,1,-0,0.025,0.025,-0,0,0,0.1,0,1,0.1,0.025,0.025,0.1,0.025,0.975,0.1,-0,0,0.1,-0.025,0.025,0.1,-0.025,0.975,0.1,-0,1,0.1]
    },{
        "name":"animation_000003",
        "vertices":[-0.025,0.025,0.04,0.025,0.025,0.04,0.025,-0.025,0.04,-0.025,-0.025,0.04,0.025,0.025,0.06,0.025,-0.025,0.06,-0.025,0.025,0.06,-0.025,-0.025,0.06,0,1,-0,0,0,0,-0.025,0.025,-0,0,-0,-0,-0.025,-0.025,-0,0.025,-0.025,-0,0,-0,-0,0.025,0.025,-0,0,0,0.1,0,0,0.1,0.025,0.025,0.1,0.025,-0.025,0.1,-0,0,0.1,-0.025,0.025,0.1,-0.025,-0.025,0.1,-0,1,0.1]
    },{
        "name":"animation_000004",
        "vertices":[-0.025,0.025,0.04,0.025,0.025,0.04,0.025,-0.025,0.04,-0.025,0.975,0.04,0.025,0.025,0.06,0.025,-0.025,0.06,-0.025,0.025,0.06,-0.025,0.975,0.06,0,-0,-0,0,0,0,-0.025,0.025,-0,0,-0,-0,-0.025,0.975,-0,0.025,-0.025,-0,0,-0,-0,0.025,0.025,-0,0,0,0.1,0,0,0.1,0.025,0.025,0.1,0.025,-0.025,0.1,-0,0,0.1,-0.025,0.025,0.1,-0.025,0.975,0.1,-0,0,0.1]
    },{
        "name":"animation_000005",
        "vertices":[-0.025,0.025,0.04,0.025,0.025,0.04,0.025,-0.025,0.04,-0.025,-0.025,0.04,0.025,0.025,0.06,0.025,-0.025,0.06,-0.025,0.025,0.06,-0.025,-0.025,0.06,0,-0,-0,0,0,0,-0.025,0.025,-0,0,-0,-0,-0.025,-0.025,-0,0.025,-0.025,-0,0,1,-0,0.025,0.025,-0,0,0,0.1,0,1,0.1,0.025,0.025,0.1,0.025,-0.025,0.1,-0,0,0.1,-0.025,0.025,0.1,-0.025,-0.025,0.1,-0,0,0.1]
    },{
        "name":"animation_000006",
        "vertices":[-0.025,0.025,0.04,0.025,0.025,0.04,0.025,0.975,0.04,-0.025,-0.025,0.04,0.025,0.025,0.06,0.025,0.975,0.06,-0.025,0.025,0.06,-0.025,-0.025,0.06,0,-0,-0,0,0,0,-0.025,0.025,-0,0,-0,-0,-0.025,-0.025,-0,0.025,0.975,-0,0,-0,-0,0.025,0.025,-0,0,0,0.1,0,0,0.1,0.025,0.025,0.1,0.025,0.975,0.1,-0,0,0.1,-0.025,0.025,0.1,-0.025,-0.025,0.1,-0,0,0.1]
    }]
}