{
    "materials":[{
        "shading":"phong",
        "wireframe":false,
        "colorEmissive":[0,0,0],
        "opacity":1,
        "DbgColor":15658734,
        "depthTest":true,
        "blending":"NormalBlending",
        "colorDiffuse":[1,1,1],
        "specularCoef":50,
        "transparent":false,
        "DbgName":"Material.001",
        "depthWrite":true,
        "colorSpecular":[0.5,0.5,0.5],
        "DbgIndex":0,
        "visible":true
    }],
    "normals":[0,0,1,1,0,-0,0,-1,-0,0,0,-0.999969,0,0,-1,-0.995056,0.099246,-0,0,1,-0,0.707083,0.707083,-0,-1,0,-0,0,0.999969,-0,0,-0.999969,-0],
    "name":"Cube.002Geometry",
    "metadata":{
        "type":"Geometry",
        "generator":"io_three",
        "vertices":120,
        "version":3,
        "materials":1,
        "normals":11,
        "faces":48,
        "morphTargets":4,
        "uvs":1
    },
    "vertices":[0.300001,0,0.3,0.3,0,0.3,0.3,-0,-0,0.300001,-0,-0,0,0,-0,1e-06,0,-0,0,0,0.3,1e-06,0,0.3,0.178,0,0.225,0.214,0,0.225,0.214,0,0.075,0.018,0,0.225,0.054,0,0.225,0.018,0,0.075,0.054,0,0.075,0.178,0,0.075,0.178001,0,0.225,0.214001,0,0.225,0.214001,0,0.075,0.018001,0,0.225,0.054001,0,0.225,0.018001,0,0.075,0.054001,0,0.075,0.178001,0,0.075,0.214001,-0.05,0.075,0.214001,-0.05,0.225,0.178001,-0.05,0.075,0.178001,-0.05,0.225,0.054001,-0.05,0.075,0.054001,-0.05,0.225,0.018001,-0.05,0.075,0.018001,-0.05,0.225,0.018,0.05,0.225,0.018,0.05,0.075,0.054,0.05,0.075,0.054,0.05,0.225,0.178,0.05,0.225,0.178,0.05,0.075,0.214,0.05,0.075,0.214,0.05,0.225,0.214,0,0.225,0.214,0,0.225,0.214,0.05,0.225,0.214,0.05,0.225,0.178001,0,0.075,0.178001,0,0.075,0.178001,-0.05,0.075,0.178001,-0.05,0.075,0.3,-0,-0,0.3,-0,-0,0.300001,-0,-0,0.300001,-0,-0,0.054001,0,0.075,0.054001,0,0.075,0.054001,-0.05,0.075,0.054001,-0.05,0.075,0,0,-0,0,0,-0,0,0,0.3,0,0,0.3,0.018,0,0.225,0.018,0,0.225,0.018,0.05,0.225,0.018,0.05,0.225,0.018,0.05,0.075,0.018,0.05,0.075,0.018,0,0.075,0.018,0,0.075,1e-06,0,-0,1e-06,0,-0,1e-06,0,0.3,1e-06,0,0.3,0.178,0.05,0.225,0.178,0.05,0.225,0.018001,0,0.075,0.018001,0,0.075,0.018001,-0.05,0.075,0.018001,-0.05,0.075,0.214,0,0.075,0.214,0,0.075,0.178,0,0.075,0.178,0,0.075,0.018001,-0.05,0.225,0.018001,-0.05,0.225,0.214001,-0.05,0.075,0.214001,-0.05,0.075,0.178,0.05,0.075,0.178,0.05,0.075,0.054,0,0.075,0.054,0,0.075,0.054,0.05,0.075,0.054,0.05,0.075,0.054,0.05,0.225,0.054,0.05,0.225,0.214001,-0.05,0.225,0.214001,-0.05,0.225,0.178001,-0.05,0.225,0.178001,-0.05,0.225,0.178001,0,0.225,0.178001,0,0.225,0.214001,0,0.225,0.214001,0,0.225,0.3,0,0.3,0.3,0,0.3,0.300001,0,0.3,0.300001,0,0.3,0.054001,0,0.225,0.054001,0,0.225,0.054001,-0.05,0.225,0.054001,-0.05,0.225,0.178,0,0.225,0.178,0,0.225,0.018001,0,0.225,0.018001,0,0.225,0.054,0,0.225,0.054,0,0.225,0.214,0.05,0.075,0.214,0.05,0.075,0.214001,0,0.075,0.214001,0,0.075],
    "morphTargets":[{
        "name":"animation_000000",
        "vertices":[0.300001,0,0.3,0.3,0,0.3,0.3,-0,-0,0.300001,-0,-0,0,0,-0,1e-06,0,-0,0,0,0.3,1e-06,0,0.3,0.178,0,0.225,0.214,0,0.225,0.214,0,0.075,0.018,0,0.225,0.054,0,0.225,0.018,0,0.075,0.054,0,0.075,0.178,0,0.075,0.178001,0,0.225,0.214001,0,0.225,0.214001,0,0.075,0.018001,0,0.225,0.054001,0,0.225,0.018001,0,0.075,0.054001,0,0.075,0.178001,0,0.075,0.214001,-0.05,0.075,0.214001,-0.05,0.225,0.178001,-0.05,0.075,0.178001,-0.05,0.225,0.054001,-0.05,0.075,0.054001,-0.05,0.225,0.018001,-0.05,0.075,0.018001,-0.05,0.225,0.018,0.05,0.225,0.018,0.05,0.075,0.054,0.05,0.075,0.054,0.05,0.225,0.178,0.05,0.225,0.178,0.05,0.075,0.214,0.05,0.075,0.214,0.05,0.225,0.214,0,0.225,0.214,0,0.225,0.214,0.05,0.225,0.214,0.05,0.225,0.178001,0,0.075,0.178001,0,0.075,0.178001,-0.05,0.075,0.178001,-0.05,0.075,0.3,-0,-0,0.3,-0,-0,0.300001,-0,-0,0.300001,-0,-0,0.054001,0,0.075,0.054001,0,0.075,0.054001,-0.05,0.075,0.054001,-0.05,0.075,0,0,-0,0,0,-0,0,0,0.3,0,0,0.3,0.018,0,0.225,0.018,0,0.225,0.018,0.05,0.225,0.018,0.05,0.225,0.018,0.05,0.075,0.018,0.05,0.075,0.018,0,0.075,0.018,0,0.075,1e-06,0,-0,1e-06,0,-0,1e-06,0,0.3,1e-06,0,0.3,0.178,0.05,0.225,0.178,0.05,0.225,0.018001,0,0.075,0.018001,0,0.075,0.018001,-0.05,0.075,0.018001,-0.05,0.075,0.214,0,0.075,0.214,0,0.075,0.178,0,0.075,0.178,0,0.075,0.018001,-0.05,0.225,0.018001,-0.05,0.225,0.214001,-0.05,0.075,0.214001,-0.05,0.075,0.178,0.05,0.075,0.178,0.05,0.075,0.054,0,0.075,0.054,0,0.075,0.054,0.05,0.075,0.054,0.05,0.075,0.054,0.05,0.225,0.054,0.05,0.225,0.214001,-0.05,0.225,0.214001,-0.05,0.225,0.178001,-0.05,0.225,0.178001,-0.05,0.225,0.178001,0,0.225,0.178001,0,0.225,0.214001,0,0.225,0.214001,0,0.225,0.3,0,0.3,0.3,0,0.3,0.300001,0,0.3,0.300001,0,0.3,0.054001,0,0.225,0.054001,0,0.225,0.054001,-0.05,0.225,0.054001,-0.05,0.225,0.178,0,0.225,0.178,0,0.225,0.018001,0,0.225,0.018001,0,0.225,0.054,0,0.225,0.054,0,0.225,0.214,0.05,0.075,0.214,0.05,0.075,0.214001,0,0.075,0.214001,0,0.075]
    },{
        "name":"animation_000001",
        "vertices":[0.300001,1,0.3,0.3,0,0.3,0.3,-0,-0,0.300001,1,-0,0,0,-0,1e-06,1,-0,0,0,0.3,1e-06,1,0.3,0.178,0,0.225,0.214,0,0.225,0.214,0,0.075,0.018,0,0.225,0.054,0,0.225,0.018,0,0.075,0.054,0,0.075,0.178,0,0.075,0.178001,1,0.225,0.214001,1,0.225,0.214001,1,0.075,0.018001,1,0.225,0.054001,1,0.225,0.018001,1,0.075,0.054001,1,0.075,0.178001,1,0.075,0.214001,0.95,0.075,0.214001,0.95,0.225,0.178001,0.95,0.075,0.178001,0.95,0.225,0.054001,0.95,0.075,0.054001,0.95,0.225,0.018001,0.95,0.075,0.018001,0.95,0.225,0.018,0.05,0.225,0.018,0.05,0.075,0.054,0.05,0.075,0.054,0.05,0.225,0.178,0.05,0.225,0.178,0.05,0.075,0.214,0.05,0.075,0.214,0.05,0.225,0.214,0,0.225,0.214,0,0.225,0.214,0.05,0.225,0.214,0.05,0.225,0.178001,1,0.075,0.178001,1,0.075,0.178001,0.95,0.075,0.178001,0.95,0.075,0.3,-0,-0,0.3,-0,-0,0.300001,1,-0,0.300001,1,-0,0.054001,1,0.075,0.054001,1,0.075,0.054001,0.95,0.075,0.054001,0.95,0.075,0,0,-0,0,0,-0,0,0,0.3,0,0,0.3,0.018,0,0.225,0.018,0,0.225,0.018,0.05,0.225,0.018,0.05,0.225,0.018,0.05,0.075,0.018,0.05,0.075,0.018,0,0.075,0.018,0,0.075,1e-06,1,-0,1e-06,1,-0,1e-06,1,0.3,1e-06,1,0.3,0.178,0.05,0.225,0.178,0.05,0.225,0.018001,1,0.075,0.018001,1,0.075,0.018001,0.95,0.075,0.018001,0.95,0.075,0.214,0,0.075,0.214,0,0.075,0.178,0,0.075,0.178,0,0.075,0.018001,0.95,0.225,0.018001,0.95,0.225,0.214001,0.95,0.075,0.214001,0.95,0.075,0.178,0.05,0.075,0.178,0.05,0.075,0.054,0,0.075,0.054,0,0.075,0.054,0.05,0.075,0.054,0.05,0.075,0.054,0.05,0.225,0.054,0.05,0.225,0.214001,0.95,0.225,0.214001,0.95,0.225,0.178001,0.95,0.225,0.178001,0.95,0.225,0.178001,1,0.225,0.178001,1,0.225,0.214001,1,0.225,0.214001,1,0.225,0.3,0,0.3,0.3,0,0.3,0.300001,1,0.3,0.300001,1,0.3,0.054001,1,0.225,0.054001,1,0.225,0.054001,0.95,0.225,0.054001,0.95,0.225,0.178,0,0.225,0.178,0,0.225,0.018001,1,0.225,0.018001,1,0.225,0.054,0,0.225,0.054,0,0.225,0.214,0.05,0.075,0.214,0.05,0.075,0.214001,1,0.075,0.214001,1,0.075]
    },{
        "name":"animation_000002",