{
    "uvs":[[0,0,0.317204,0,0.317204,1,0,1,0.475806,0,0.475806,1,0.79301,0,0.79301,1,0.951612,0,0.951612,1,1,0,1,0.4,0.951613,0.4,0.951613,0,1,1,0.951613,0.6,1,0.6,0.951613,1,0.295454,0,0.295454,1,0.443181,0,0.443181,1,0.738636,0,0.738636,1,0.886363,0,0.886363,1,1,0.088889,0.886364,0.088889,0.886364,0,1,0.911111,0.886364,1,0.886364,0.911111,0.147727,0,0.147727,1,0.590909,0,0.590909,1,1,0.2,0.886364,0.2,0.886364,0.8,1,0.8]],
    "name":"object_5.001Geometry.20",
    "normals":[1,0,-0,0,1,-0,0,0.999969,-0,-1,0,-0,0,-0.999969,-0,0,-1,-0,0,0,-1,0,0,0.999969,0,0,1,-0.729514,0,0.68392,0.729514,0,-0.68392,0,-0.992248,0.124027,0.999969,0,-0,0.874142,0,-0.485641,0.972777,0,-0.231605,0.874142,0,0.485641,0.972777,0,0.231605],
    "metadata":{
        "type":"Geometry",
        "normals":17,
        "morphTargets":6,
        "materials":2,
        "faces":40,
        "uvs":1,
        "version":3,
        "generator":"io_three",
        "vertices":120
    },
    "morphTargets":[{
        "name":"animation_000000",
        "vertices":[0.18,0.05,-0.05,0.18,0.05,0.05,0.18,-0.05,0.05,0.18,-0.05,-0.05,0.12,0.05,0.05,0.12,-0.05,0.05,0.12,0.05,-0.05,0.12,-0.05,-0.05,0.21,0,0.05,0.21,0,-0,0.21,-0,-0,0.21,-0,0.05,0.09,0,-0,0.09,-0,-0,0.09,0,0.05,0.09,-0,0.05,0.09,0,-0,0.21,0,-0,0.21,0,-0,0.09,0,-0,0.21,0.05,-0,0.21,0.05,-0,0.09,0.05,-0,0.09,0.05,-0,0.09,-0.05,-0,0.21,-0.05,-0,0.21,-0.05,-0,0.09,-0.05,-0,0.21,-0,-0,0.21,-0,-0,0.09,-0,-0,0.09,-0,-0,0.21,0,-0,0.21,0,-0.05,0.21,-0.05,-0.05,0.21,-0.05,-0,0.09,0,-0.05,0.09,-0.05,-0.05,0.09,0,-0,0.09,-0.05,-0,0.18,-0.05,0.05,0.18,-0.05,0.05,0.12,-0.05,0.05,0.12,-0.05,0.05,0.18,-0.05,-0.05,0.18,-0.05,-0.05,0.12,-0.05,-0.05,0.12,-0.05,-0.05,0.18,0.05,-0.05,0.18,0.05,-0.05,0.12,0.05,0.05,0.12,0.05,0.05,0.12,0.05,-0.05,0.12,0.05,-0.05,0.18,0.05,0.05,0.18,0.05,0.05,0.21,-0,-0,0.21,-0,-0,0.09,-0,-0,0.09,-0,-0,0.21,-0,0.05,0.21,-0,0.05,0.09,-0,0.05,0.09,-0,0.05,0.21,0,0.05,0.21,0,0.05,0.09,0,-0,0.09,0,-0,0.09,0,0.05,0.09,0,0.05,0.21,0,-0,0.21,0,-0,0.21,0,-0,0.21,0,-0,0.21,0.05,-0,0.21,0.05,-0,0.09,0,-0,0.09,0,-0,0.09,0.05,-0,0.09,0.05,-0,0.09,0,-0,0.09,0,-0,0.21,0.05,-0,0.21,0.05,-0,0.09,0.05,-0,0.09,0.05,-0,0.21,0,-0,0.21,0,-0,0.21,-0.05,-0,0.21,-0.05,-0,0.21,-0,-0,0.21,-0,-0,0.09,-0.05,-0,0.09,-0.05,-0,0.09,-0,-0,0.09,-0,-0,0.09,-0.05,-0,0.09,-0.05,-0,0.21,-0,-0,0.21,-0,-0,0.09,-0,-0,0.09,-0,-0,0.21,-0.05,-0,0.21,-0.05,-0,0.21,-0.05,-0.05,0.21,-0.05,-0.05,0.09,-0.05,-0.05,0.09,-0.05,-0.05,0.21,-0.05,-0,0.21,-0.05,-0,0.09,-0.05,-0,0.09,-0.05,-0,0.21,0,-0,0.21,0,-0,0.09,0,-0.05,0.09,0,-0.05,0.09,0,-0,0.09,0,-0,0.21,0,-0.05,0.21,0,-0.05]
    },{
        "name":"animation_000001",
        "vertices":[0.18,0.05,0.95,0.18,0.05,0.05,0.18,-0.05,0.05,0.18,-0.05,0.95,0.12,0.05,0.05,0.12,-0.05,0.05,0.12,0.05,0.95,0.12,-0.05,0.95,0.21,0,0.05,0.21,0,-0,0.21,-0,-0,0.21,-0,0.05,0.09,0,-0,0.09,-0,-0,0.09,0,0.05,0.09,-0,0.05,0.09,0,-0,0.21,0,-0,0.21,0,1,0.09,0,1,0.21,0.05,-0,0.21,0.05,1,0.09,0.05,-0,0.09,0.05,1,0.09,-0.05,-0,0.21,-0.05,-0,0.21,-0.05,1,0.09,-0.05,1,0.21,-0,-0,0.21,-0,1,0.09,-0,-0,0.09,-0,1,0.21,0,1,0.21,0,0.95,0.21,-0.05,0.95,0.21,-0.05,1,0.09,0,0.95,0.09,-0.05,0.95,0.09,0,1,0.09,-0.05,1,0.18,-0.05,0.05,0.18,-0.05,0.05,0.12,-0.05,0.05,0.12,-0.05,0.05,0.18,-0.05,0.95,0.18,-0.05,0.95,0.12,-0.05,0.95,0.12,-0.05,0.95,0.18,0.05,0.95,0.18,0.05,0.95,0.12,0.05,0.05,0.12,0.05,0.05,0.12,0.05,0.95,0.12,0.05,0.95,0.18,0.05,0.05,0.18,0.05,0.05,0.21,-0,-0,0.21,-0,-0,0.09,-0,-0,0.09,-0,-0,0.21,-0,0.05,0.21,-0,0.05,0.09,-0,0.05,0.09,-0,0.05,0.21,0,0.05,0.21,0,0.05,0.09,0,-0,0.09,0,-0,0.09,0,0.05,0.09,0,0.05,0.21,0,-0,0.21,0,-0,0.21,0,1,0.21,0,1,0.21,0.05,1,0.21,0.05,1,0.09,0,1,0.09,0,1,0.09,0.05,1,0.09,0.05,1,0.09,0,-0,0.09,0,-0,0.21,0.05,-0,0.21,0.05,-0,0.09,0.05,-0,0.09,0.05,-0,0.21,0,-0,0.21,0,-0,0.21,-0.05,1,0.21,-0.05,1,0.21,-0,1,0.21,-0,1,0.09,-0.05,1,0.09,-0.05,1,0.09,-0,1,0.09,-0,1,0.09,-0.05,-0,0.09,-0.05,-0,0.21,-0,-0,0.21,-0,-0,0.09,-0,-0,0.09,-0,-0,0.21,-0.05,-0,0.21,-0.05,-0,0.21,-0.05,0.95,0.21,-0.05,0.95,0.09,-0.05,0.95,0.09,-0.05,0.95,0.21,-0.05,1,0.21,-0.05,1,0.09,-0.05,1,0.09,-0.05,1,0.21,0,1,0.21,0,1,0.09,0,0.95,0.09,0,0.95,0.09,0,1,0.09,0,1,0.21,0,0.95,0.21,0,0.95]
    },{
        "name":"animation_000002",
        "vertices":[0.18,0.05,-0.05,0.18,0.05,0.05,0.18,0.95,0.05,0.18,0.95,-0.05,0.12,0.05,0.05,0.12,0.95,0.05,0.12,0.05,-0.05,0.12,0.95,-0.05,0.21,0,0.05,0.21,0,-0,0.21,1,-0,0.21,1,0.05,0.09,0,-0,0.09,1,-0,0.09,0,0.05,0.09,1,0.05,0.09,0,-0,0.21,0,-0,0.21,0,-0,0.09,0,-0,0.21,0.05,-0,0.21,0.05,-0,0.09,0.05,-0,0.09,0.05,-0,0.09,0.95,-0,0.21,0.95,-0,0.21,0.95,-0,0.09,0.95,-0,0.21,1,-0,0.21,1,-0,0.09,1,-0,0.09,1,-0,0.21,0,-0,0.21,0,-0.05,0.21,0.95,-0.05,0.21,0.95,-0,0.09,0,-0.05,0.09,0.95,-0.05,0.09,0,-0,0.09,0.95,-0,0.18,0.95,0.05,0.18,0.95,0.05,0.12,0.95,0.05,0.12,0.95,0.05,0.18,0.95,-0.05,0.18,0.95,-0.05,0.12,0.95,-0.05,0.12,0.95,-0.05,0.18,0.05,-0.05,0.18,0.05,-0.05,0.12,0.05,0.05,0.12,0.05,0.05,0.12,0.05,-0.05,0.12,0.05,-0.05,0.18,0.05,0.05,0.18,0.05,0.05,0.21,1,-0,0.21,1,-0,0.09,1,-0,0.09,1,-0,0.21,1,0.05,0.21,1,0.05,0.09,1,0.05,0.09,1,0.05,0.21,0,0.05,0.21,0,0.05,0.09,0,-0,0.09,0,-0,0.09,0,0.05,0.09,0,0.05,0.21,0,-0,0.21,0,-0,0.21,0,-0,0.21,0,-0,0.21,0.05,-0,0.21,0.05,-0,0.09,0,-0,0.09,0,-0,0.09,0.05,-0,0.09,0.05,-0,0.09,0,-0,0.09,0,-0,0.21,0.05,-0,0.21,0.05,-0,0.09,0.05,-0,0.09,0.05,-0,0.21,0,-0,0.21,0,-0,0.21,0.95,-0,0.21,0.95,-0,0.21,1,-0,0.21,1,-0,0.09,0.95,-0,0.09,0.95,-0,0.09,1,-0,0.09,1,-0,0.09,0.95,-0,0.09,0.95,-0,0.21,1,-0,0.21,1,-0,0.09,1,-0,0.09,1,-0,0.21,0.95,-0,0.21,0.95,-0,0.21,0.95,-0.05,0.21,0.95,-0.05,0.09,0.95,-0.05,0.09,0.95,-0.05,0.21,0.95,-0,0.21,0.95,-0,0.09,0.95,-0,0.09,0.95,-0,0.21,0,-0,0.21,0,-0,0.09,0,-0.05,0.09,0,-0.05,0.09,0,-0,0.09,0,-0,0.21,0,-0.05,0.21,0,-0.05]
    },{
        "name":"animation_000003",
        "vertices":[0.18,0.05,-0.05,0.18,0.05,0.05,0.18,-0.05,0.05,0.18,-0.05,-0.05,0.12,0.05,0.05,0.12,-0.05,0.05,0.12,0.05,-0.05,0.12,-0.05,-0.05,0.21,0,0.05,0.21,0,-0,0.21,-0,-0,0.21,-0,0.05,0.09,0,-0,0.09,-0,-0,0.09,0,0.05,0.09,-0,0.05,0.09,0,-0,0.21,0,-0,0.21,0,-0,0.09,0,-0,0.21,0.05,-0,0.21,0.05,-0,0.09,0.05,-0,0.09,0.05,-0,0.09,-0.05,-0,0.21,-0.05,-0,0.21,-0.05,-0,0.09,-0.05,-0,0.21,-0,-0,0.21,-0,-0,0.09,-0,-0,0.09,-0,-0,0.21,0,-0,0.21,0,-0.05,0.21,-0.05,-0.05,0.21,-0.05,-0,0.09,0,-0.05,0.09,-0.05,-0.05,0.09,0,-0,0.09,-0.05,-0,0.18,-0.05,0.05,0.18,-0.05,0.05,0.12,-0.05,0.05,0.12,-0.05,0.05,0.18,-0.05,-0.05,0.18,-0.05,-0.05,0.12,-0.05,-0.05,0.12,-0.05,-0.05,0.18,0.05,-0.05,0.18,0.05,-0.05,0.12,0.05,0.05,0.12,0.05,0.05,0.12,0.05,-0.05,0.12,0.05,-0.05,0.18,0.05,0.05,0.18,0.05,0.05,0.21,-0,-0,0.21,-0,-0,0.09,-0,-0,0.09,-0,-0,0.21,-0,0.05,0.21,-0,0.05,0.09,-0,0.05,0.09,-0,0.05,0.21,0,0.05,0.21,0,0.05,0.09,0,-0,0.09,0,-0,0.09,0,0.05,0.09,0,0.05,0.21,0,-0,0.21,0,-0,0.21,0,-0,0.21,0,-0,0.21,0.05,-0,0.21,0.05,-0,0.09,0,-0,0.09,0,-0,0.09,0.05,-0,0.09,0.05,-0,0.09,0,-0,0.09,0,-0,0.21,0.05,-0,0.21,0.05,-0,0.09,0.05,-0,0.09,0.05,-0,0.21,0,-0,0.21,0,-0,0.21,-0.05,-0,0.21,-0.05,-0,0.21,-0,-0,0.21,-0,-0,0.09,-0.05,-0,0.09,-0.05,-0,0.09,-0,-0,0.09,-0,-0,0.09,-0.05,-0,0.09,-0.05,-0,0.21,-0,-0,0.21,-0,-0,0.09,-0,-0,0.09,-0,-0,0.21,-0.05,-0,0.21,-0.05,-0,0.21,-0.05,-0.05,0.21,-0.05,-0.05,0.09,-0.05,-0.05,0.09,-0.05,-0.05,0.21,-0.05,-0,0.21,-0.05,-0,0.09,-0.05,-0,0.09,-0.05,-0,0.21,0,-0,0.21,0,-0,0.09,0,-0.05,0.09,0,-0.05,0.09,0,-0,0.09,0,-0,0.21,0,-0.05,0.21,0,-0.05]
    },{
        "name":"animation_000004",